<files>
<CRS_TZ>UTC</CRS_TZ>
<session_TZ>UTC</session_TZ>
<system_TZ>Coordinated Universal Time</system_TZ>
<file>
<file_name>/u02/app/oracle/diag/rdbms/prd_iad3vt/PRD1/trace/PRD1_imco_43088.trc</file_name>
<file_type>null</file_type>
<size>16052</size>
<database>prd_iad3vt</database>
<cluster>null</cluster>
<instance>PRD1</instance>
<component>RDBMS</component>
<base_directory>/u02/app/oracle/diag/rdbms/prd_iad3vt/PRD1/trace</base_directory>
<last_modified>Sat Oct 31 18:54:43 UTC 2020</last_modified>
<hostname>aupp-hroradb-f9exx1</hostname>
<lines>0</lines>
<first_timestamp>null</first_timestamp>
<last_timestamp>null</last_timestamp>
<sampling_rows_first>-1</sampling_rows_first>
<sampling_rows_last>-1</sampling_rows_last>
<date_pattern>null</date_pattern>
<sample_size>-1</sample_size>
<use_df_only>false</use_df_only>
<keep_header_lines>0</keep_header_lines>
</file>
<file>
<file_name>/home/oracle/oswbb/archive/oswpidstat/aupp-hroradb-f9exx1_pidstat_20.10.31.1300.dat</file_name>
<file_type>null</file_type>
<size>427559</size>
<database></database>
<cluster>null</cluster>
<instance></instance>
<component>OS</component>
<base_directory>/home/oracle/oswbb/archive</base_directory>
<last_modified>Sat Oct 31 18:58:04 UTC 2020</last_modified>
<hostname>aupp-hroradb-f9exx1</hostname>
<lines>0</lines>
<first_timestamp>null</first_timestamp>
<last_timestamp>null</last_timestamp>
<sampling_rows_first>-1</sampling_rows_first>
<sampling_rows_last>-1</sampling_rows_last>
<date_pattern>null</date_pattern>
<sample_size>-1</sample_size>
<use_df_only>false</use_df_only>
<keep_header_lines>0</keep_header_lines>
</file>
<file>
<file_name>/home/oracle/oswbb/archive/oswpidstatd/aupp-hroradb-f9exx1_pidstatd_20.10.31.1300.dat</file_name>
<file_type>null</file_type>
<size>13342</size>
<database></database>
<cluster>null</cluster>
<instance></instance>
<component>OS</component>
<base_directory>/home/oracle/oswbb/archive</base_directory>
<last_modified>Sat Oct 31 18:58:04 UTC 2020</last_modified>
<hostname>aupp-hroradb-f9exx1</hostname>
<lines>0</lines>
<first_timestamp>null</first_timestamp>
<last_timestamp>null</last_timestamp>
<sampling_rows_first>-1</sampling_rows_first>
<sampling_rows_last>-1</sampling_rows_last>
<date_pattern>null</date_pattern>
<sample_size>-1</sample_size>
<use_df_only>false</use_df_only>
<keep_header_lines>0</keep_header_lines>
</file>
<file>
<file_name>/var/log/cellos/imageinfo.log</file_name>
<file_type>DBM CELLOS Logs</file_type>
<size>1170</size>
<database></database>
<cluster>null</cluster>
<instance></instance>
<component>OS</component>
<base_directory>/var/log</base_directory>
<last_modified>Sat Oct 31 19:04:14 UTC 2020</last_modified>
<hostname>aupp-hroradb-f9exx1</hostname>
<lines>7</lines>
<first_timestamp>Sat Oct 31 03:30:15 UTC 2020</first_timestamp>
<last_timestamp>Sat Oct 31 19:04:14 UTC 2020</last_timestamp>
<sampling_rows_first>1</sampling_rows_first>
<sampling_rows_last>-1</sampling_rows_last>
<date_pattern>\d{4}-\d{2}-\d{2}\s\d{2}:\d{2}:\d{2}</date_pattern>
<sample_size>-1</sample_size>
<use_df_only>false</use_df_only>
<keep_header_lines>0</keep_header_lines>
</file>
<file>
<file_name>/var/log/cellos/imageinfo.trc</file_name>
<file_type>DBM CELLOS Logs</file_type>
<size>34479</size>
<database></database>
<cluster>null</cluster>
<instance></instance>
<component>OS</component>
<base_directory>/var/log</base_directory>
<last_modified>Sat Oct 31 19:04:14 UTC 2020</last_modified>
<hostname>aupp-hroradb-f9exx1</hostname>
<lines>308</lines>
<first_timestamp>Sat Oct 31 03:30:15 UTC 2020</first_timestamp>
<last_timestamp>Sat Oct 31 19:04:14 UTC 2020</last_timestamp>
<sampling_rows_first>1</sampling_rows_first>
<sampling_rows_last>-1</sampling_rows_last>
<date_pattern>\d{4}-\d{2}-\d{2}\s\d{2}:\d{2}:\d{2}</date_pattern>
<sample_size>-1</sample_size>
<use_df_only>false</use_df_only>
<keep_header_lines>0</keep_header_lines>
</file>
<file>
<file_name>/u01/app/grid/diag/crs/aupp-hroradb-f9exx1/crs/trace/alert.log</file_name>
<file_type>CRS Alert Log</file_type>
<size>197487</size>
<database></database>
<cluster>null</cluster>
<instance></instance>
<component>CRS</component>
<base_directory>/u01/app/grid/diag/crs/aupp-hroradb-f9exx1/crs/trace</base_directory>
<last_modified>Wed Oct 28 02:27:51 UTC 2020</last_modified>
<hostname>aupp-hroradb-f9exx1</hostname>
<lines>976</lines>
<first_timestamp>Mon Jul 13 16:37:09 UTC 2020</first_timestamp>
<last_timestamp>Wed Oct 28 02:27:51 UTC 2020</last_timestamp>
<sampling_rows_first>1</sampling_rows_first>
<sampling_rows_last>-1</sampling_rows_last>
<date_pattern>\d{4}-\d{2}-\d{2}\s\d{2}:\d{2}:\d{2}\.\d{3}</date_pattern>
<sample_size>-1</sample_size>
<use_df_only>false</use_df_only>
<keep_header_lines>0</keep_header_lines>
</file>
<file>
<file_name>/u01/app/grid/diag/crs/aupp-hroradb-f9exx1/crs/trace/crsctl_341464.trc</file_name>
<file_type>CRSCTL (Client) Log</file_type>
<size>820</size>
<database></database>
<cluster>null</cluster>
<instance></instance>
<component>CRS</component>
<base_directory>/u01/app/grid/diag/crs/aupp-hroradb-f9exx1/crs/trace</base_directory>
<last_modified>Sat Oct 31 18:40:50 UTC 2020</last_modified>
<hostname>aupp-hroradb-f9exx1</hostname>
<lines>10</lines>
<first_timestamp>null</first_timestamp>
<last_timestamp>null</last_timestamp>
<sampling_rows_first>-1</sampling_rows_first>
<sampling_rows_last>-1</sampling_rows_last>
<date_pattern>null</date_pattern>
<sample_size>-1</sample_size>
<use_df_only>false</use_df_only>
<keep_header_lines>0</keep_header_lines>
</file>
<file>
<file_name>/u01/app/grid/diag/crs/aupp-hroradb-f9exx1/crs/trace/crsctl_64128.trc</file_name>
<file_type>CRSCTL (Client) Log</file_type>
<size>383</size>
<database></database>
<cluster>null</cluster>
<instance></instance>
<component>CRS</component>
<base_directory>/u01/app/grid/diag/crs/aupp-hroradb-f9exx1/crs/trace</base_directory>
<last_modified>Sat Oct 31 19:03:43 UTC 2020</last_modified>
<hostname>aupp-hroradb-f9exx1</hostname>
<lines>6</lines>
<first_timestamp>null</first_timestamp>
<last_timestamp>null</last_timestamp>
<sampling_rows_first>-1</sampling_rows_first>
<sampling_rows_last>-1</sampling_rows_last>
<date_pattern>null</date_pattern>
<sample_size>-1</sample_size>
<use_df_only>false</use_df_only>
<keep_header_lines>0</keep_header_lines>
</file>
<file>
<file_name>/u01/app/grid/diag/crs/aupp-hroradb-f9exx1/crs/trace/crsctl_64139.trc</file_name>
<file_type>CRSCTL (Client) Log</file_type>
<size>302</size>
<database></database>
<cluster>null</cluster>
<instance></instance>
<component>CRS</component>
<base_directory>/u01/app/grid/diag/crs/aupp-hroradb-f9exx1/crs/trace</base_directory>
<last_modified>Sat Oct 31 19:03:43 UTC 2020</last_modified>
<hostname>aupp-hroradb-f9exx1</hostname>
<lines>4</lines>
<first_timestamp>null</first_timestamp>
<last_timestamp>null</last_timestamp>
<sampling_rows_first>-1</sampling_rows_first>
<sampling_rows_last>-1</sampling_rows_last>
<date_pattern>null</date_pattern>
<sample_size>-1</sample_size>
<use_df_only>false</use_df_only>
<keep_header_lines>0</keep_header_lines>
</file>
<file>
<file_name>/u01/app/grid/diag/crs/aupp-hroradb-f9exx1/crs/trace/crsd.trc</file_name>
<file_type>CRSD Log</file_type>
<size>15835917</size>
<database></database>
<cluster>null</cluster>
<instance></instance>
<component>CRS</component>
<base_directory>/u01/app/grid/diag/crs/aupp-hroradb-f9exx1/crs/trace</base_directory>
<last_modified>Sat Oct 31 19:31:13 UTC 2020</last_modified>
<hostname>aupp-hroradb-f9exx1</hostname>
<lines>1000</lines>
<first_timestamp>Fri Oct 30 19:00:23 UTC 2020</first_timestamp>
<last_timestamp>Sat Oct 31 19:31:13 UTC 2020</last_timestamp>
<sampling_rows_first>5</sampling_rows_first>
<sampling_rows_last>-1</sampling_rows_last>
<date_pattern>\d{4}-\d{2}-\d{2}\s\d{2}:\d{2}:\d{2}</date_pattern>
<sample_size>-1</sample_size>
<use_df_only>false</use_df_only>
<keep_header_lines>0</keep_header_lines>
</file>
<file>
<file_name>/u01/app/grid/diag/crs/aupp-hroradb-f9exx1/crs/trace/crsd_oraagent_grid.trc</file_name>
<file_type>CRSD User Agent Log</file_type>
<size>16911996</size>
<database></database>
<cluster>null</cluster>
<instance></instance>
<component>CRS</component>
<base_directory>/u01/app/grid/diag/crs/aupp-hroradb-f9exx1/crs/trace</base_directory>
<last_modified>Sat Oct 31 19:31:15 UTC 2020</last_modified>
<hostname>aupp-hroradb-f9exx1</hostname>
<lines>1000</lines>
<first_timestamp>Fri Oct 30 16:50:07 UTC 2020</first_timestamp>
<last_timestamp>Sat Oct 31 19:31:15 UTC 2020</last_timestamp>
<sampling_rows_first>5</sampling_rows_first>
<sampling_rows_last>-1</sampling_rows_last>
<date_pattern>\d{4}-\d{2}-\d{2}\s\d{2}:\d{2}:\d{2}</date_pattern>
<sample_size>-1</sample_size>
<use_df_only>false</use_df_only>
<keep_header_lines>0</keep_header_lines>
</file>
<file>
<file_name>/u01/app/grid/diag/crs/aupp-hroradb-f9exx1/crs/trace/crsd_oraagent_oracle.trc</file_name>
<file_type>CRSD User Agent Log</file_type>
<size>24115673</size>
<database></database>
<cluster>null</cluster>
<instance></instance>
<component>CRS</component>
<base_directory>/u01/app/grid/diag/crs/aupp-hroradb-f9exx1/crs/trace</base_directory>
<last_modified>Sat Oct 31 19:31:14 UTC 2020</last_modified>
<hostname>aupp-hroradb-f9exx1</hostname>
<lines>1000</lines>
<first_timestamp>Sat Oct 31 03:08:20 UTC 2020</first_timestamp>
<last_timestamp>Sat Oct 31 19:31:14 UTC 2020</last_timestamp>
<sampling_rows_first>5</sampling_rows_first>
<sampling_rows_last>-1</sampling_rows_last>
<date_pattern>\d{4}-\d{2}-\d{2}\s\d{2}:\d{2}:\d{2}</date_pattern>
<sample_size>-1</sample_size>
<use_df_only>false</use_df_only>
<keep_header_lines>0</keep_header_lines>
</file>
<file>
<file_name>/u01/app/grid/diag/crs/aupp-hroradb-f9exx1/crs/trace/crsd_orarootagent_root.trc</file_name>
<file_type>CRSD Root Agent Log</file_type>
<size>25345145</size>
<database></database>
<cluster>null</cluster>
<instance></instance>
<component>CRS</component>
<base_directory>/u01/app/grid/diag/crs/aupp-hroradb-f9exx1/crs/trace</base_directory>
<last_modified>Sat Oct 31 19:31:02 UTC 2020</last_modified>
<hostname>aupp-hroradb-f9exx1</hostname>
<lines>1000</lines>
<first_timestamp>Wed Aug 26 09:16:03 UTC 2020</first_timestamp>
<last_timestamp>Sat Oct 31 19:31:02 UTC 2020</last_timestamp>
<sampling_rows_first>5</sampling_rows_first>
<sampling_rows_last>-1</sampling_rows_last>
<date_pattern>\d{4}-\d{2}-\d{2}\s\d{2}:\d{2}:\d{2}</date_pattern>
<sample_size>-1</sample_size>
<use_df_only>false</use_df_only>
<keep_header_lines>0</keep_header_lines>
</file>
<file>
<file_name>/u01/app/grid/diag/crs/aupp-hroradb-f9exx1/crs/trace/diskmon.trc</file_name>
<file_type>DISKMON log</file_type>
<size>8858945</size>
<database></database>
<cluster>null</cluster>
<instance></instance>
<component>CRS</component>
<base_directory>/u01/app/grid/diag/crs/aupp-hroradb-f9exx1/crs/trace</base_directory>
<last_modified>Sat Oct 31 19:31:14 UTC 2020</last_modified>
<hostname>aupp-hroradb-f9exx1</hostname>
<lines>1000</lines>
<first_timestamp>Wed Oct 28 23:46:57 UTC 2020</first_timestamp>
<last_timestamp>Sat Oct 31 19:31:14 UTC 2020</last_timestamp>
<sampling_rows_first>5</sampling_rows_first>
<sampling_rows_last>-1</sampling_rows_last>
<date_pattern>\d{4}-\d{2}-\d{2}\s\d{2}:\d{2}:\d{2}\.\d{3}</date_pattern>
<sample_size>-1</sample_size>
<use_df_only>false</use_df_only>
<keep_header_lines>0</keep_header_lines>
</file>
<file>
<file_name>/u01/app/grid/diag/crs/aupp-hroradb-f9exx1/crs/trace/evmd.trc</file_name>
<file_type>EVMD Log</file_type>
<size>7284545</size>
<database></database>
<cluster>null</cluster>
<instance></instance>
<component>CRS</component>
<base_directory>/u01/app/grid/diag/crs/aupp-hroradb-f9exx1/crs/trace</base_directory>
<last_modified>Sat Oct 31 19:31:01 UTC 2020</last_modified>
<hostname>aupp-hroradb-f9exx1</hostname>
<lines>1000</lines>
<first_timestamp>Sat Oct 24 14:51:24 UTC 2020</first_timestamp>
<last_timestamp>Sat Oct 31 19:31:01 UTC 2020</last_timestamp>
<sampling_rows_first>5</sampling_rows_first>
<sampling_rows_last>-1</sampling_rows_last>
<date_pattern>\d{4}-\d{2}-\d{2}\s\d{2}:\d{2}:\d{2}</date_pattern>
<sample_size>-1</sample_size>
<use_df_only>false</use_df_only>
<keep_header_lines>0</keep_header_lines>
</file>
<file>
<file_name>/u01/app/grid/diag/crs/aupp-hroradb-f9exx1/crs/trace/gipcd.trc</file_name>
<file_type>GIPCD Log</file_type>
<size>6448492</size>
<database></database>
<cluster>null</cluster>
<instance></instance>
<component>CRS</component>
<base_directory>/u01/app/grid/diag/crs/aupp-hroradb-f9exx1/crs/trace</base_directory>
<last_modified>Sat Oct 31 19:31:13 UTC 2020</last_modified>
<hostname>aupp-hroradb-f9exx1</hostname>
<lines>1000</lines>
<first_timestamp>Sat Oct 31 04:55:07 UTC 2020</first_timestamp>
<last_timestamp>Sat Oct 31 19:31:13 UTC 2020</last_timestamp>
<sampling_rows_first>5</sampling_rows_first>
<sampling_rows_last>-1</sampling_rows_last>
<date_pattern>\d{4}-\d{2}-\d{2}\s\d{2}:\d{2}:\d{2}</date_pattern>
<sample_size>-1</sample_size>
<use_df_only>false</use_df_only>
<keep_header_lines>0</keep_header_lines>
</file>
<file>
<file_name>/u01/app/grid/diag/crs/aupp-hroradb-f9exx1/crs/trace/gpnpd.trc</file_name>
<file_type>GPNPD Log</file_type>
<size>24491040</size>
<database></database>
<cluster>null</cluster>
<instance></instance>
<component>CRS</component>
<base_directory>/u01/app/grid/diag/crs/aupp-hroradb-f9exx1/crs/trace</base_directory>
<last_modified>Sat Oct 31 19:31:05 UTC 2020</last_modified>
<hostname>aupp-hroradb-f9exx1</hostname>
<lines>1000</lines>
<first_timestamp>Wed Sep 09 08:54:50 UTC 2020</first_timestamp>
<last_timestamp>Sat Oct 31 19:31:05 UTC 2020</last_timestamp>
<sampling_rows_first>5</sampling_rows_first>
<sampling_rows_last>-1</sampling_rows_last>
<date_pattern>\d{4}-\d{2}-\d{2}\s\d{2}:\d{2}:\d{2}</date_pattern>
<sample_size>-1</sample_size>
<use_df_only>false</use_df_only>
<keep_header_lines>0</keep_header_lines>
</file>
<file>
<file_name>/u01/app/grid/diag/crs/aupp-hroradb-f9exx1/crs/trace/gpnptool_64022.trc</file_name>
<file_type>GPNPTOOL Log</file_type>
<size>810</size>
<database></database>
<cluster>null</cluster>
<instance></instance>
<component>CRS</component>
<base_directory>/u01/app/grid/diag/crs/aupp-hroradb-f9exx1/crs/trace</base_directory>
<last_modified>Sat Oct 31 19:03:43 UTC 2020</last_modified>
<hostname>aupp-hroradb-f9exx1</hostname>
<lines>16</lines>
<first_timestamp>Sat Oct 31 19:03:43 UTC 2020</first_timestamp>
<last_timestamp>Sat Oct 31 19:03:43 UTC 2020</last_timestamp>
<sampling_rows_first>4</sampling_rows_first>
<sampling_rows_last>-1</sampling_rows_last>
<date_pattern>\d{4}-\d{2}-\d{2}\s\d{2}:\d{2}:\d{2}\.\d{3}</date_pattern>
<sample_size>-1</sample_size>
<use_df_only>false</use_df_only>
<keep_header_lines>0</keep_header_lines>
</file>
<file>
<file_name>/u01/app/grid/diag/crs/aupp-hroradb-f9exx1/crs/trace/ocrconfig_63690.trc</file_name>
<file_type>OCRConfig Log</file_type>
<size>336</size>
<database></database>
<cluster>null</cluster>
<instance></instance>
<component>CRS</component>
<base_directory>/u01/app/grid/diag/crs/aupp-hroradb-f9exx1/crs/trace</base_directory>
<last_modified>Sat Oct 31 19:03:42 UTC 2020</last_modified>
<hostname>aupp-hroradb-f9exx1</hostname>
<lines>5</lines>
<first_timestamp>Sat Oct 31 19:03:42 UTC 2020</first_timestamp>
<last_timestamp>Sat Oct 31 19:03:42 UTC 2020</last_timestamp>
<sampling_rows_first>4</sampling_rows_first>
<sampling_rows_last>-1</sampling_rows_last>
<date_pattern>\d{4}-\d{2}-\d{2}\s\d{2}:\d{2}:\d{2}</date_pattern>
<sample_size>-1</sample_size>
<use_df_only>false</use_df_only>
<keep_header_lines>0</keep_header_lines>
</file>
<file>
<file_name>/u01/app/grid/diag/crs/aupp-hroradb-f9exx1/crs/trace/ocssd.trc</file_name>
<file_type>CSS (ocssd) Log</file_type>
<size>30976811</size>
<database></database>
<cluster>null</cluster>
<instance></instance>
<component>CRS</component>
<base_directory>/u01/app/grid/diag/crs/aupp-hroradb-f9exx1/crs/trace</base_directory>
<last_modified>Sat Oct 31 19:31:15 UTC 2020</last_modified>
<hostname>aupp-hroradb-f9exx1</hostname>
<lines>1000</lines>
<first_timestamp>Sat Oct 31 08:31:45 UTC 2020</first_timestamp>
<last_timestamp>Sat Oct 31 19:31:15 UTC 2020</last_timestamp>
<sampling_rows_first>5</sampling_rows_first>
<sampling_rows_last>-1</sampling_rows_last>
<date_pattern>\d{4}-\d{2}-\d{2}\s\d{2}:\d{2}:\d{2}</date_pattern>
<sample_size>-1</sample_size>
<use_df_only>false</use_df_only>
<keep_header_lines>0</keep_header_lines>
</file>
<file>
<file_name>/u01/app/grid/diag/crs/aupp-hroradb-f9exx1/crs/trace/octssd.trc</file_name>
<file_type>CTSSD Log</file_type>
<size>20404021</size>
<database></database>
<cluster>null</cluster>
<instance></instance>
<component>CRS</component>
<base_directory>/u01/app/grid/diag/crs/aupp-hroradb-f9exx1/crs/trace</base_directory>
<last_modified>Sat Oct 31 19:31:13 UTC 2020</last_modified>
<hostname>aupp-hroradb-f9exx1</hostname>
<lines>1000</lines>
<first_timestamp>Fri Oct 30 08:20:02 UTC 2020</first_timestamp>
<last_timestamp>Sat Oct 31 19:31:13 UTC 2020</last_timestamp>
<sampling_rows_first>5</sampling_rows_first>
<sampling_rows_last>-1</sampling_rows_last>
<date_pattern>\d{4}-\d{2}-\d{2}\s\d{2}:\d{2}:\d{2}</date_pattern>
<sample_size>-1</sample_size>
<use_df_only>false</use_df_only>
<keep_header_lines>0</keep_header_lines>
</file>
<file>
<file_name>/u01/app/grid/diag/crs/aupp-hroradb-f9exx1/crs/trace/ohasd.trc</file_name>
<file_type>OHASD Log</file_type>
<size>5959807</size>
<database></database>
<cluster>null</cluster>
<instance></instance>
<component>CRS</component>
<base_directory>/u01/app/grid/diag/crs/aupp-hroradb-f9exx1/crs/trace</base_directory>
<last_modified>Sat Oct 31 19:31:10 UTC 2020</last_modified>
<hostname>aupp-hroradb-f9exx1</hostname>
<lines>1000</lines>
<first_timestamp>Sat Oct 31 00:22:27 UTC 2020</first_timestamp>
<last_timestamp>Sat Oct 31 19:31:10 UTC 2020</last_timestamp>
<sampling_rows_first>5</sampling_rows_first>
<sampling_rows_last>-1</sampling_rows_last>
<date_pattern>\d{4}-\d{2}-\d{2}\s\d{2}:\d{2}:\d{2}</date_pattern>
<sample_size>-1</sample_size>
<use_df_only>false</use_df_only>
<keep_header_lines>0</keep_header_lines>
</file>
<file>
<file_name>/u01/app/grid/diag/crs/aupp-hroradb-f9exx1/crs/trace/ohasd_cssdagent_root.trc</file_name>
<file_type>CSSD Agent Log (OHASD)</file_type>
<size>6983647</size>
<database></database>
<cluster>null</cluster>
<instance></instance>
<component>CRS</component>
<base_directory>/u01/app/grid/diag/crs/aupp-hroradb-f9exx1/crs/trace</base_directory>
<last_modified>Sat Oct 31 19:30:21 UTC 2020</last_modified>
<hostname>aupp-hroradb-f9exx1</hostname>
<lines>1000</lines>
<first_timestamp>Mon Oct 19 01:32:18 UTC 2020</first_timestamp>
<last_timestamp>Sat Oct 31 19:30:21 UTC 2020</last_timestamp>
<sampling_rows_first>5</sampling_rows_first>
<sampling_rows_last>-1</sampling_rows_last>
<date_pattern>\d{4}-\d{2}-\d{2}\s\d{2}:\d{2}:\d{2}</date_pattern>
<sample_size>-1</sample_size>
<use_df_only>false</use_df_only>
<keep_header_lines>0</keep_header_lines>
</file>
<file>
<file_name>/u01/app/grid/diag/crs/aupp-hroradb-f9exx1/crs/trace/ohasd_cssdmonitor_root.trc</file_name>
<file_type>CSSD Monitor Log (OHASD)</file_type>
<size>6513921</size>
<database></database>
<cluster>null</cluster>
<instance></instance>
<component>CRS</component>
<base_directory>/u01/app/grid/diag/crs/aupp-hroradb-f9exx1/crs/trace</base_directory>
<last_modified>Sat Oct 31 19:31:10 UTC 2020</last_modified>
<hostname>aupp-hroradb-f9exx1</hostname>
<lines>1000</lines>
<first_timestamp>Mon Oct 19 18:46:07 UTC 2020</first_timestamp>
<last_timestamp>Sat Oct 31 19:31:10 UTC 2020</last_timestamp>
<sampling_rows_first>5</sampling_rows_first>
<sampling_rows_last>-1</sampling_rows_last>
<date_pattern>\d{4}-\d{2}-\d{2}\s\d{2}:\d{2}:\d{2}</date_pattern>
<sample_size>-1</sample_size>
<use_df_only>false</use_df_only>
<keep_header_lines>0</keep_header_lines>
</file>
<file>
<file_name>/u01/app/grid/diag/crs/aupp-hroradb-f9exx1/crs/trace/ohasd_oraagent_grid.trc</file_name>
<file_type>OHASD User Agent Log</file_type>
<size>25665663</size>
<database></database>
<cluster>null</cluster>
<instance></instance>
<component>CRS</component>
<base_directory>/u01/app/grid/diag/crs/aupp-hroradb-f9exx1/crs/trace</base_directory>
<last_modified>Sat Oct 31 19:31:15 UTC 2020</last_modified>
<hostname>aupp-hroradb-f9exx1</hostname>
<lines>1000</lines>
<first_timestamp>Sat Oct 31 06:51:04 UTC 2020</first_timestamp>
<last_timestamp>Sat Oct 31 19:31:15 UTC 2020</last_timestamp>
<sampling_rows_first>5</sampling_rows_first>
<sampling_rows_last>-1</sampling_rows_last>
<date_pattern>\d{4}-\d{2}-\d{2}\s\d{2}:\d{2}:\d{2}</date_pattern>
<sample_size>-1</sample_size>
<use_df_only>false</use_df_only>
<keep_header_lines>0</keep_header_lines>
</file>
<file>
<file_name>/u01/app/grid/diag/crs/aupp-hroradb-f9exx1/crs/trace/ohasd_orarootagent_root.trc</file_name>
<file_type>OHASD Root Agent Log</file_type>
<size>11229818</size>
<database></database>
<cluster>null</cluster>
<instance></instance>
<component>CRS</component>
<base_directory>/u01/app/grid/diag/crs/aupp-hroradb-f9exx1/crs/trace</base_directory>
<last_modified>Sat Oct 31 19:31:14 UTC 2020</last_modified>
<hostname>aupp-hroradb-f9exx1</hostname>
<lines>1000</lines>
<first_timestamp>Sat Oct 31 05:43:33 UTC 2020</first_timestamp>
<last_timestamp>Sat Oct 31 19:31:14 UTC 2020</last_timestamp>
<sampling_rows_first>5</sampling_rows_first>
<sampling_rows_last>-1</sampling_rows_last>
<date_pattern>\d{4}-\d{2}-\d{2}\s\d{2}:\d{2}:\d{2}</date_pattern>
<sample_size>-1</sample_size>
<use_df_only>false</use_df_only>
<keep_header_lines>0</keep_header_lines>
</file>
<file>
<file_name>/u01/app/grid/diag/crs/aupp-hroradb-f9exx1/crs/trace/oifcfg_63731.trc</file_name>
<file_type>OIFCFG Log</file_type>
<size>487</size>
<database></database>
<cluster>null</cluster>
<instance></instance>
<component>CRS</component>
<base_directory>/u01/app/grid/diag/crs/aupp-hroradb-f9exx1/crs/trace</base_directory>
<last_modified>Sat Oct 31 19:03:42 UTC 2020</last_modified>
<hostname>aupp-hroradb-f9exx1</hostname>
<lines>7</lines>
<first_timestamp>null</first_timestamp>
<last_timestamp>null</last_timestamp>
<sampling_rows_first>-1</sampling_rows_first>
<sampling_rows_last>-1</sampling_rows_last>
<date_pattern>null</date_pattern>
<sample_size>-1</sample_size>
<use_df_only>false</use_df_only>
<keep_header_lines>0</keep_header_lines>
</file>
<file>
<file_name>/u01/app/grid/diag/crs/aupp-hroradb-f9exx1/crs/trace/oifcfg_64848.trc</file_name>
<file_type>OIFCFG Log</file_type>
<size>487</size>
<database></database>
<cluster>null</cluster>
<instance></instance>
<component>CRS</component>
<base_directory>/u01/app/grid/diag/crs/aupp-hroradb-f9exx1/crs/trace</base_directory>
<last_modified>Sat Oct 31 19:04:01 UTC 2020</last_modified>
<hostname>aupp-hroradb-f9exx1</hostname>
<lines>7</lines>
<first_timestamp>null</first_timestamp>
<last_timestamp>null</last_timestamp>
<sampling_rows_first>-1</sampling_rows_first>
<sampling_rows_last>-1</sampling_rows_last>
<date_pattern>null</date_pattern>
<sample_size>-1</sample_size>
<use_df_only>false</use_df_only>
<keep_header_lines>0</keep_header_lines>
</file>
<file>
<file_name>/home/oracle/oswbb/archive/oswpidstat/aupp-hroradb-f9exx1_pidstat_20.10.31.1400.dat</file_name>
<file_type>null</file_type>
<size>211464</size>
<database></database>
<cluster>null</cluster>
<instance></instance>
<component>OS</component>
<base_directory>/home/oracle/oswbb/archive</base_directory>
<last_modified>Sat Oct 31 19:28:04 UTC 2020</last_modified>
<hostname>aupp-hroradb-f9exx1</hostname>
<lines>0</lines>
<first_timestamp>null</first_timestamp>
<last_timestamp>null</last_timestamp>
<sampling_rows_first>-1</sampling_rows_first>
<sampling_rows_last>-1</sampling_rows_last>
<date_pattern>null</date_pattern>
<sample_size>-1</sample_size>
<use_df_only>false</use_df_only>
<keep_header_lines>0</keep_header_lines>
</file>
<file>
<file_name>/home/oracle/oswbb/archive/oswpidstatd/aupp-hroradb-f9exx1_pidstatd_20.10.31.1400.dat</file_name>
<file_type>null</file_type>
<size>6685</size>
<database></database>
<cluster>null</cluster>
<instance></instance>
<component>OS</component>
<base_directory>/home/oracle/oswbb/archive</base_directory>
<last_modified>Sat Oct 31 19:28:04 UTC 2020</last_modified>
<hostname>aupp-hroradb-f9exx1</hostname>
<lines>0</lines>
<first_timestamp>null</first_timestamp>
<last_timestamp>null</last_timestamp>
<sampling_rows_first>-1</sampling_rows_first>
<sampling_rows_last>-1</sampling_rows_last>
<date_pattern>null</date_pattern>
<sample_size>-1</sample_size>
<use_df_only>false</use_df_only>
<keep_header_lines>0</keep_header_lines>
</file>
<file>
<file_name>/u01/app/grid/crsdata/aupp-hroradb-f9exx1/crf/db/proc/procdump.log</file_name>
<file_type>null</file_type>
<size>7564856</size>
<database></database>
<cluster>null</cluster>
<instance></instance>
<component>CRS</component>
<base_directory>/u01/app/grid/crsdata/aupp-hroradb-f9exx1/crf</base_directory>
<last_modified>Sat Oct 31 19:31:00 UTC 2020</last_modified>
<hostname>aupp-hroradb-f9exx1</hostname>
<lines>0</lines>
<first_timestamp>null</first_timestamp>
<last_timestamp>null</last_timestamp>
<sampling_rows_first>-1</sampling_rows_first>
<sampling_rows_last>-1</sampling_rows_last>
<date_pattern>null</date_pattern>
<sample_size>-1</sample_size>
<use_df_only>false</use_df_only>
<keep_header_lines>0</keep_header_lines>
</file>
<file>
<file_name>/u01/app/grid/diag/crs/aupp-hroradb-f9exx1/crs/trace/osysmond.trc</file_name>
<file_type>null</file_type>
<size>11166019</size>
<database></database>
<cluster>null</cluster>
<instance></instance>
<component>CRS</component>
<base_directory>/u01/app/grid/diag/crs/aupp-hroradb-f9exx1/crs/trace</base_directory>
<last_modified>Sat Oct 31 19:31:15 UTC 2020</last_modified>
<hostname>aupp-hroradb-f9exx1</hostname>
<lines>0</lines>
<first_timestamp>null</first_timestamp>
<last_timestamp>null</last_timestamp>
<sampling_rows_first>-1</sampling_rows_first>
<sampling_rows_last>-1</sampling_rows_last>
<date_pattern>null</date_pattern>
<sample_size>-1</sample_size>
<use_df_only>false</use_df_only>
<keep_header_lines>0</keep_header_lines>
</file>
<file>
<file_name>/u02/app/oracle/diag/rdbms/prd_iad3vt/PRD1/trace/PRD1_tmon_42775.trc</file_name>
<file_type>null</file_type>
<size>129304815</size>
<database>prd_iad3vt</database>
<cluster>null</cluster>
<instance>PRD1</instance>
<component>RDBMS</component>
<base_directory>/u02/app/oracle/diag/rdbms/prd_iad3vt/PRD1/trace</base_directory>
<last_modified>Sat Oct 31 19:31:10 UTC 2020</last_modified>
<hostname>aupp-hroradb-f9exx1</hostname>
<lines>0</lines>
<first_timestamp>null</first_timestamp>
<last_timestamp>null</last_timestamp>
<sampling_rows_first>-1</sampling_rows_first>
<sampling_rows_last>-1</sampling_rows_last>
<date_pattern>null</date_pattern>
<sample_size>-1</sample_size>
<use_df_only>false</use_df_only>
<keep_header_lines>0</keep_header_lines>
</file>
<file>
<file_name>/var/log/exadatatmp/_ExaWatcher_rds_ping_my_connects_stcennoc_ym_gnip_sdr_rehctaWaxE</file_name>
<file_type>null</file_type>
<size>2221617</size>
<database></database>
<cluster>null</cluster>
<instance></instance>
<component>OS</component>
<base_directory>/var/log</base_directory>
<last_modified>Sat Oct 31 19:31:21 UTC 2020</last_modified>
<hostname>aupp-hroradb-f9exx1</hostname>
<lines>0</lines>
<first_timestamp>null</first_timestamp>
<last_timestamp>null</last_timestamp>
<sampling_rows_first>-1</sampling_rows_first>
<sampling_rows_last>-1</sampling_rows_last>
<date_pattern>null</date_pattern>
<sample_size>-1</sample_size>
<use_df_only>false</use_df_only>
<keep_header_lines>0</keep_header_lines>
</file>
<file>
<file_name>/var/log/exadatatmp/cellirqbalance-interrupts.out</file_name>
<file_type>null</file_type>
<size>4802</size>
<database></database>
<cluster>null</cluster>
<instance></instance>
<component>OS</component>
<base_directory>/var/log</base_directory>
<last_modified>Sat Oct 31 19:30:36 UTC 2020</last_modified>
<hostname>aupp-hroradb-f9exx1</hostname>
<lines>0</lines>
<first_timestamp>null</first_timestamp>
<last_timestamp>null</last_timestamp>
<sampling_rows_first>-1</sampling_rows_first>
<sampling_rows_last>-1</sampling_rows_last>
<date_pattern>null</date_pattern>
<sample_size>-1</sample_size>
<use_df_only>false</use_df_only>
<keep_header_lines>0</keep_header_lines>
</file>
<file>
<file_name>/var/log/oracle/deploy/wls_gc34394.trc.0.current</file_name>
<file_type>null</file_type>
<size>68596</size>
<database></database>
<cluster>null</cluster>
<instance></instance>
<component>OS</component>
<base_directory>/var/log</base_directory>
<last_modified>Sat Oct 31 19:31:07 UTC 2020</last_modified>
<hostname>aupp-hroradb-f9exx1</hostname>
<lines>0</lines>
<first_timestamp>null</first_timestamp>
<last_timestamp>null</last_timestamp>
<sampling_rows_first>-1</sampling_rows_first>
<sampling_rows_last>-1</sampling_rows_last>
<date_pattern>null</date_pattern>
<sample_size>-1</sample_size>
<use_df_only>false</use_df_only>
<keep_header_lines>0</keep_header_lines>
</file>
<file>
<file_name>/var/log/oracle/diag/asm/dbserver/aupp-hroradb-f9exx1/trace/rstrc_33785_mmt.trc</file_name>
<file_type>null</file_type>
<size>191030</size>
<database></database>
<cluster>null</cluster>
<instance></instance>
<component>OS</component>
<base_directory>/var/log</base_directory>
<last_modified>Sat Oct 31 19:28:23 UTC 2020</last_modified>
<hostname>aupp-hroradb-f9exx1</hostname>
<lines>0</lines>
<first_timestamp>null</first_timestamp>
<last_timestamp>null</last_timestamp>
<sampling_rows_first>-1</sampling_rows_first>
<sampling_rows_last>-1</sampling_rows_last>
<date_pattern>null</date_pattern>
<sample_size>-1</sample_size>
<use_df_only>false</use_df_only>
<keep_header_lines>0</keep_header_lines>
</file>
<file>
<file_name>/var/log/uptrack.log</file_name>
<file_type>null</file_type>
<size>668793</size>
<database></database>
<cluster>null</cluster>
<instance></instance>
<component>OS</component>
<base_directory>/var/log</base_directory>
<last_modified>Sat Oct 31 19:15:22 UTC 2020</last_modified>
<hostname>aupp-hroradb-f9exx1</hostname>
<lines>0</lines>
<first_timestamp>null</first_timestamp>
<last_timestamp>null</last_timestamp>
<sampling_rows_first>-1</sampling_rows_first>
<sampling_rows_last>-1</sampling_rows_last>
<date_pattern>null</date_pattern>
<sample_size>-1</sample_size>
<use_df_only>false</use_df_only>
<keep_header_lines>0</keep_header_lines>
</file>
</files>