<files>
<CRS_TZ>UTC</CRS_TZ>
<session_TZ>UTC</session_TZ>
<system_TZ>Coordinated Universal Time</system_TZ>
<file>
<file_name>/home/oracle/oswbb/archive/oswpidstat/aupp-hroradb-f9exx2_pidstat_20.10.31.1300.dat</file_name>
<file_type>null</file_type>
<size>352936</size>
<database></database>
<cluster>null</cluster>
<instance></instance>
<component>OS</component>
<base_directory>/home/oracle/oswbb/archive</base_directory>
<last_modified>Sat Oct 31 18:57:37 UTC 2020</last_modified>
<hostname>aupp-hroradb-f9exx2</hostname>
<lines>0</lines>
<first_timestamp>null</first_timestamp>
<last_timestamp>null</last_timestamp>
<sampling_rows_first>-1</sampling_rows_first>
<sampling_rows_last>-1</sampling_rows_last>
<date_pattern>null</date_pattern>
<sample_size>-1</sample_size>
<use_df_only>false</use_df_only>
<keep_header_lines>0</keep_header_lines>
</file>
<file>
<file_name>/home/oracle/oswbb/archive/oswpidstatd/aupp-hroradb-f9exx2_pidstatd_20.10.31.1300.dat</file_name>
<file_type>null</file_type>
<size>12940</size>
<database></database>
<cluster>null</cluster>
<instance></instance>
<component>OS</component>
<base_directory>/home/oracle/oswbb/archive</base_directory>
<last_modified>Sat Oct 31 18:57:37 UTC 2020</last_modified>
<hostname>aupp-hroradb-f9exx2</hostname>
<lines>0</lines>
<first_timestamp>null</first_timestamp>
<last_timestamp>null</last_timestamp>
<sampling_rows_first>-1</sampling_rows_first>
<sampling_rows_last>-1</sampling_rows_last>
<date_pattern>null</date_pattern>
<sample_size>-1</sample_size>
<use_df_only>false</use_df_only>
<keep_header_lines>0</keep_header_lines>
</file>
<file>
<file_name>/var/log/cellos/imageinfo.log</file_name>
<file_type>DBM CELLOS Logs</file_type>
<size>130</size>
<database></database>
<cluster>null</cluster>
<instance></instance>
<component>OS</component>
<base_directory>/var/log</base_directory>
<last_modified>Sat Oct 31 19:04:07 UTC 2020</last_modified>
<hostname>aupp-hroradb-f9exx2</hostname>
<lines>1</lines>
<first_timestamp>Sat Oct 31 19:04:07 UTC 2020</first_timestamp>
<last_timestamp>Sat Oct 31 19:04:07 UTC 2020</last_timestamp>
<sampling_rows_first>1</sampling_rows_first>
<sampling_rows_last>-1</sampling_rows_last>
<date_pattern>\d{4}-\d{2}-\d{2}\s\d{2}:\d{2}:\d{2}</date_pattern>
<sample_size>-1</sample_size>
<use_df_only>false</use_df_only>
<keep_header_lines>0</keep_header_lines>
</file>
<file>
<file_name>/var/log/cellos/imageinfo.trc</file_name>
<file_type>DBM CELLOS Logs</file_type>
<size>4265</size>
<database></database>
<cluster>null</cluster>
<instance></instance>
<component>OS</component>
<base_directory>/var/log</base_directory>
<last_modified>Sat Oct 31 19:04:07 UTC 2020</last_modified>
<hostname>aupp-hroradb-f9exx2</hostname>
<lines>48</lines>
<first_timestamp>Sat Oct 31 19:04:06 UTC 2020</first_timestamp>
<last_timestamp>Sat Oct 31 19:04:07 UTC 2020</last_timestamp>
<sampling_rows_first>1</sampling_rows_first>
<sampling_rows_last>-1</sampling_rows_last>
<date_pattern>\d{4}-\d{2}-\d{2}\s\d{2}:\d{2}:\d{2}</date_pattern>
<sample_size>-1</sample_size>
<use_df_only>false</use_df_only>
<keep_header_lines>0</keep_header_lines>
</file>
<file>
<file_name>/u01/app/grid/diag/crs/aupp-hroradb-f9exx2/crs/trace/alert.log</file_name>
<file_type>CRS Alert Log</file_type>
<size>229197</size>
<database></database>
<cluster>null</cluster>
<instance></instance>
<component>CRS</component>
<base_directory>/u01/app/grid/diag/crs/aupp-hroradb-f9exx2/crs/trace</base_directory>
<last_modified>Sat Oct 31 17:58:05 UTC 2020</last_modified>
<hostname>aupp-hroradb-f9exx2</hostname>
<lines>1000</lines>
<first_timestamp>Mon Jul 13 16:48:32 UTC 2020</first_timestamp>
<last_timestamp>Sat Oct 31 12:58:05 UTC 2020</last_timestamp>
<sampling_rows_first>1</sampling_rows_first>
<sampling_rows_last>-1</sampling_rows_last>
<date_pattern>\d{4}-\d{2}-\d{2}\s\d{2}:\d{2}:\d{2}\.\d{3}</date_pattern>
<sample_size>-1</sample_size>
<use_df_only>false</use_df_only>
<keep_header_lines>0</keep_header_lines>
</file>
<file>
<file_name>/u01/app/grid/diag/crs/aupp-hroradb-f9exx2/crs/trace/crsctl_186633.trc</file_name>
<file_type>CRSCTL (Client) Log</file_type>
<size>820</size>
<database></database>
<cluster>null</cluster>
<instance></instance>
<component>CRS</component>
<base_directory>/u01/app/grid/diag/crs/aupp-hroradb-f9exx2/crs/trace</base_directory>
<last_modified>Sat Oct 31 18:40:57 UTC 2020</last_modified>
<hostname>aupp-hroradb-f9exx2</hostname>
<lines>10</lines>
<first_timestamp>null</first_timestamp>
<last_timestamp>null</last_timestamp>
<sampling_rows_first>-1</sampling_rows_first>
<sampling_rows_last>-1</sampling_rows_last>
<date_pattern>null</date_pattern>
<sample_size>-1</sample_size>
<use_df_only>false</use_df_only>
<keep_header_lines>0</keep_header_lines>
</file>
<file>
<file_name>/u01/app/grid/diag/crs/aupp-hroradb-f9exx2/crs/trace/crsctl_231331.trc</file_name>
<file_type>CRSCTL (Client) Log</file_type>
<size>52219</size>
<database></database>
<cluster>null</cluster>
<instance></instance>
<component>CRS</component>
<base_directory>/u01/app/grid/diag/crs/aupp-hroradb-f9exx2/crs/trace</base_directory>
<last_modified>Sat Oct 31 18:52:53 UTC 2020</last_modified>
<hostname>aupp-hroradb-f9exx2</hostname>
<lines>417</lines>
<first_timestamp>null</first_timestamp>
<last_timestamp>null</last_timestamp>
<sampling_rows_first>-1</sampling_rows_first>
<sampling_rows_last>-1</sampling_rows_last>
<date_pattern>null</date_pattern>
<sample_size>-1</sample_size>
<use_df_only>false</use_df_only>
<keep_header_lines>0</keep_header_lines>
</file>
<file>
<file_name>/u01/app/grid/diag/crs/aupp-hroradb-f9exx2/crs/trace/crsctl_295892.trc</file_name>
<file_type>CRSCTL (Client) Log</file_type>
<size>385</size>
<database></database>
<cluster>null</cluster>
<instance></instance>
<component>CRS</component>
<base_directory>/u01/app/grid/diag/crs/aupp-hroradb-f9exx2/crs/trace</base_directory>
<last_modified>Sat Oct 31 19:03:36 UTC 2020</last_modified>
<hostname>aupp-hroradb-f9exx2</hostname>
<lines>6</lines>
<first_timestamp>null</first_timestamp>
<last_timestamp>null</last_timestamp>
<sampling_rows_first>-1</sampling_rows_first>
<sampling_rows_last>-1</sampling_rows_last>
<date_pattern>null</date_pattern>
<sample_size>-1</sample_size>
<use_df_only>false</use_df_only>
<keep_header_lines>0</keep_header_lines>
</file>
<file>
<file_name>/u01/app/grid/diag/crs/aupp-hroradb-f9exx2/crs/trace/crsctl_295903.trc</file_name>
<file_type>CRSCTL (Client) Log</file_type>
<size>303</size>
<database></database>
<cluster>null</cluster>
<instance></instance>
<component>CRS</component>
<base_directory>/u01/app/grid/diag/crs/aupp-hroradb-f9exx2/crs/trace</base_directory>
<last_modified>Sat Oct 31 19:03:36 UTC 2020</last_modified>
<hostname>aupp-hroradb-f9exx2</hostname>
<lines>4</lines>
<first_timestamp>null</first_timestamp>
<last_timestamp>null</last_timestamp>
<sampling_rows_first>-1</sampling_rows_first>
<sampling_rows_last>-1</sampling_rows_last>
<date_pattern>null</date_pattern>
<sample_size>-1</sample_size>
<use_df_only>false</use_df_only>
<keep_header_lines>0</keep_header_lines>
</file>
<file>
<file_name>/u01/app/grid/diag/crs/aupp-hroradb-f9exx2/crs/trace/crsd.trc</file_name>
<file_type>CRSD Log</file_type>
<size>19732817</size>
<database></database>
<cluster>null</cluster>
<instance></instance>
<component>CRS</component>
<base_directory>/u01/app/grid/diag/crs/aupp-hroradb-f9exx2/crs/trace</base_directory>
<last_modified>Sat Oct 31 19:31:16 UTC 2020</last_modified>
<hostname>aupp-hroradb-f9exx2</hostname>
<lines>1000</lines>
<first_timestamp>Sat Oct 31 04:44:22 UTC 2020</first_timestamp>
<last_timestamp>Sat Oct 31 19:31:16 UTC 2020</last_timestamp>
<sampling_rows_first>5</sampling_rows_first>
<sampling_rows_last>-1</sampling_rows_last>
<date_pattern>\d{4}-\d{2}-\d{2}\s\d{2}:\d{2}:\d{2}</date_pattern>
<sample_size>-1</sample_size>
<use_df_only>false</use_df_only>
<keep_header_lines>0</keep_header_lines>
</file>
<file>
<file_name>/u01/app/grid/diag/crs/aupp-hroradb-f9exx2/crs/trace/crsd_jagent_grid.trc</file_name>
<file_type>CRSD JAgent Log/Trace_copy</file_type>
<size>6424126</size>
<database></database>
<cluster>null</cluster>
<instance></instance>
<component>CRS</component>
<base_directory>/u01/app/grid/diag/crs/aupp-hroradb-f9exx2/crs/trace</base_directory>
<last_modified>Sat Oct 31 19:31:16 UTC 2020</last_modified>
<hostname>aupp-hroradb-f9exx2</hostname>
<lines>1000</lines>
<first_timestamp>Tue Oct 27 06:34:15 UTC 2020</first_timestamp>
<last_timestamp>Sat Oct 31 19:31:16 UTC 2020</last_timestamp>
<sampling_rows_first>5</sampling_rows_first>
<sampling_rows_last>-1</sampling_rows_last>
<date_pattern>\d{4}-\d{2}-\d{2}\s\d{2}:\d{2}:\d{2}\.\d{3}</date_pattern>
<sample_size>-1</sample_size>
<use_df_only>false</use_df_only>
<keep_header_lines>0</keep_header_lines>
</file>
<file>
<file_name>/u01/app/grid/diag/crs/aupp-hroradb-f9exx2/crs/trace/crsd_oraagent_grid.trc</file_name>
<file_type>CRSD User Agent Log</file_type>
<size>22555771</size>
<database></database>
<cluster>null</cluster>
<instance></instance>
<component>CRS</component>
<base_directory>/u01/app/grid/diag/crs/aupp-hroradb-f9exx2/crs/trace</base_directory>
<last_modified>Sat Oct 31 19:31:16 UTC 2020</last_modified>
<hostname>aupp-hroradb-f9exx2</hostname>
<lines>1000</lines>
<first_timestamp>Fri Oct 30 07:06:23 UTC 2020</first_timestamp>
<last_timestamp>Sat Oct 31 19:31:16 UTC 2020</last_timestamp>
<sampling_rows_first>5</sampling_rows_first>
<sampling_rows_last>-1</sampling_rows_last>
<date_pattern>\d{4}-\d{2}-\d{2}\s\d{2}:\d{2}:\d{2}</date_pattern>
<sample_size>-1</sample_size>
<use_df_only>false</use_df_only>
<keep_header_lines>0</keep_header_lines>
</file>
<file>
<file_name>/u01/app/grid/diag/crs/aupp-hroradb-f9exx2/crs/trace/crsd_oraagent_oracle.trc</file_name>
<file_type>CRSD User Agent Log</file_type>
<size>16544271</size>
<database></database>
<cluster>null</cluster>
<instance></instance>
<component>CRS</component>
<base_directory>/u01/app/grid/diag/crs/aupp-hroradb-f9exx2/crs/trace</base_directory>
<last_modified>Sat Oct 31 19:31:16 UTC 2020</last_modified>
<hostname>aupp-hroradb-f9exx2</hostname>
<lines>1000</lines>
<first_timestamp>Sat Oct 31 09:12:19 UTC 2020</first_timestamp>
<last_timestamp>Sat Oct 31 19:31:16 UTC 2020</last_timestamp>
<sampling_rows_first>5</sampling_rows_first>
<sampling_rows_last>-1</sampling_rows_last>
<date_pattern>\d{4}-\d{2}-\d{2}\s\d{2}:\d{2}:\d{2}</date_pattern>
<sample_size>-1</sample_size>
<use_df_only>false</use_df_only>
<keep_header_lines>0</keep_header_lines>
</file>
<file>
<file_name>/u01/app/grid/diag/crs/aupp-hroradb-f9exx2/crs/trace/crsd_orarootagent_root.trc</file_name>
<file_type>CRSD Root Agent Log</file_type>
<size>17835786</size>
<database></database>
<cluster>null</cluster>
<instance></instance>
<component>CRS</component>
<base_directory>/u01/app/grid/diag/crs/aupp-hroradb-f9exx2/crs/trace</base_directory>
<last_modified>Sat Oct 31 19:31:14 UTC 2020</last_modified>
<hostname>aupp-hroradb-f9exx2</hostname>
<lines>1000</lines>
<first_timestamp>Tue Sep 15 14:55:38 UTC 2020</first_timestamp>
<last_timestamp>Sat Oct 31 19:31:14 UTC 2020</last_timestamp>
<sampling_rows_first>5</sampling_rows_first>
<sampling_rows_last>-1</sampling_rows_last>
<date_pattern>\d{4}-\d{2}-\d{2}\s\d{2}:\d{2}:\d{2}</date_pattern>
<sample_size>-1</sample_size>
<use_df_only>false</use_df_only>
<keep_header_lines>0</keep_header_lines>
</file>
<file>
<file_name>/u01/app/grid/diag/crs/aupp-hroradb-f9exx2/crs/trace/diskmon.trc</file_name>
<file_type>DISKMON log</file_type>
<size>1351582</size>
<database></database>
<cluster>null</cluster>
<instance></instance>
<component>CRS</component>
<base_directory>/u01/app/grid/diag/crs/aupp-hroradb-f9exx2/crs/trace</base_directory>
<last_modified>Sat Oct 31 19:31:16 UTC 2020</last_modified>
<hostname>aupp-hroradb-f9exx2</hostname>
<lines>1000</lines>
<first_timestamp>Sat Oct 31 08:50:24 UTC 2020</first_timestamp>
<last_timestamp>Sat Oct 31 19:31:16 UTC 2020</last_timestamp>
<sampling_rows_first>5</sampling_rows_first>
<sampling_rows_last>-1</sampling_rows_last>
<date_pattern>\d{4}-\d{2}-\d{2}\s\d{2}:\d{2}:\d{2}\.\d{3}</date_pattern>
<sample_size>-1</sample_size>
<use_df_only>false</use_df_only>
<keep_header_lines>0</keep_header_lines>
</file>
<file>
<file_name>/u01/app/grid/diag/crs/aupp-hroradb-f9exx2/crs/trace/evmd.trc</file_name>
<file_type>EVMD Log</file_type>
<size>6952435</size>
<database></database>
<cluster>null</cluster>
<instance></instance>
<component>CRS</component>
<base_directory>/u01/app/grid/diag/crs/aupp-hroradb-f9exx2/crs/trace</base_directory>
<last_modified>Sat Oct 31 19:31:05 UTC 2020</last_modified>
<hostname>aupp-hroradb-f9exx2</hostname>
<lines>1000</lines>
<first_timestamp>Sat Oct 24 21:46:51 UTC 2020</first_timestamp>
<last_timestamp>Sat Oct 31 19:31:05 UTC 2020</last_timestamp>
<sampling_rows_first>5</sampling_rows_first>
<sampling_rows_last>-1</sampling_rows_last>
<date_pattern>\d{4}-\d{2}-\d{2}\s\d{2}:\d{2}:\d{2}</date_pattern>
<sample_size>-1</sample_size>
<use_df_only>false</use_df_only>
<keep_header_lines>0</keep_header_lines>
</file>
<file>
<file_name>/u01/app/grid/diag/crs/aupp-hroradb-f9exx2/crs/trace/gipcd.trc</file_name>
<file_type>GIPCD Log</file_type>
<size>21050348</size>
<database></database>
<cluster>null</cluster>
<instance></instance>
<component>CRS</component>
<base_directory>/u01/app/grid/diag/crs/aupp-hroradb-f9exx2/crs/trace</base_directory>
<last_modified>Sat Oct 31 19:31:15 UTC 2020</last_modified>
<hostname>aupp-hroradb-f9exx2</hostname>
<lines>1000</lines>
<first_timestamp>Thu Oct 29 19:58:42 UTC 2020</first_timestamp>
<last_timestamp>Sat Oct 31 19:31:15 UTC 2020</last_timestamp>
<sampling_rows_first>5</sampling_rows_first>
<sampling_rows_last>-1</sampling_rows_last>
<date_pattern>\d{4}-\d{2}-\d{2}\s\d{2}:\d{2}:\d{2}</date_pattern>
<sample_size>-1</sample_size>
<use_df_only>false</use_df_only>
<keep_header_lines>0</keep_header_lines>
</file>
<file>
<file_name>/u01/app/grid/diag/crs/aupp-hroradb-f9exx2/crs/trace/gpnpd.trc</file_name>
<file_type>GPNPD Log</file_type>
<size>23467435</size>
<database></database>
<cluster>null</cluster>
<instance></instance>
<component>CRS</component>
<base_directory>/u01/app/grid/diag/crs/aupp-hroradb-f9exx2/crs/trace</base_directory>
<last_modified>Sat Oct 31 19:31:15 UTC 2020</last_modified>
<hostname>aupp-hroradb-f9exx2</hostname>
<lines>1000</lines>
<first_timestamp>Sun Sep 13 03:16:23 UTC 2020</first_timestamp>
<last_timestamp>Sat Oct 31 19:31:15 UTC 2020</last_timestamp>
<sampling_rows_first>5</sampling_rows_first>
<sampling_rows_last>-1</sampling_rows_last>
<date_pattern>\d{4}-\d{2}-\d{2}\s\d{2}:\d{2}:\d{2}</date_pattern>
<sample_size>-1</sample_size>
<use_df_only>false</use_df_only>
<keep_header_lines>0</keep_header_lines>
</file>
<file>
<file_name>/u01/app/grid/diag/crs/aupp-hroradb-f9exx2/crs/trace/gpnptool_295815.trc</file_name>
<file_type>GPNPTOOL Log</file_type>
<size>812</size>
<database></database>
<cluster>null</cluster>
<instance></instance>
<component>CRS</component>
<base_directory>/u01/app/grid/diag/crs/aupp-hroradb-f9exx2/crs/trace</base_directory>
<last_modified>Sat Oct 31 19:03:35 UTC 2020</last_modified>
<hostname>aupp-hroradb-f9exx2</hostname>
<lines>16</lines>
<first_timestamp>Sat Oct 31 19:03:35 UTC 2020</first_timestamp>
<last_timestamp>Sat Oct 31 19:03:35 UTC 2020</last_timestamp>
<sampling_rows_first>4</sampling_rows_first>
<sampling_rows_last>-1</sampling_rows_last>
<date_pattern>\d{4}-\d{2}-\d{2}\s\d{2}:\d{2}:\d{2}\.\d{3}</date_pattern>
<sample_size>-1</sample_size>
<use_df_only>false</use_df_only>
<keep_header_lines>0</keep_header_lines>
</file>
<file>
<file_name>/u01/app/grid/diag/crs/aupp-hroradb-f9exx2/crs/trace/ocrcheck_231281.trc</file_name>
<file_type>OCRCHECK Log</file_type>
<size>1707</size>
<database></database>
<cluster>null</cluster>
<instance></instance>
<component>CRS</component>
<base_directory>/u01/app/grid/diag/crs/aupp-hroradb-f9exx2/crs/trace</base_directory>
<last_modified>Sat Oct 31 18:52:53 UTC 2020</last_modified>
<hostname>aupp-hroradb-f9exx2</hostname>
<lines>18</lines>
<first_timestamp>Sat Oct 31 18:52:46 UTC 2020</first_timestamp>
<last_timestamp>Sat Oct 31 18:52:53 UTC 2020</last_timestamp>
<sampling_rows_first>4</sampling_rows_first>
<sampling_rows_last>-1</sampling_rows_last>
<date_pattern>\d{4}-\d{2}-\d{2}\s\d{2}:\d{2}:\d{2}</date_pattern>
<sample_size>-1</sample_size>
<use_df_only>false</use_df_only>
<keep_header_lines>0</keep_header_lines>
</file>
<file>
<file_name>/u01/app/grid/diag/crs/aupp-hroradb-f9exx2/crs/trace/ocrconfig_295731.trc</file_name>
<file_type>OCRConfig Log</file_type>
<size>337</size>
<database></database>
<cluster>null</cluster>
<instance></instance>
<component>CRS</component>
<base_directory>/u01/app/grid/diag/crs/aupp-hroradb-f9exx2/crs/trace</base_directory>
<last_modified>Sat Oct 31 19:03:34 UTC 2020</last_modified>
<hostname>aupp-hroradb-f9exx2</hostname>
<lines>5</lines>
<first_timestamp>Sat Oct 31 19:03:34 UTC 2020</first_timestamp>
<last_timestamp>Sat Oct 31 19:03:34 UTC 2020</last_timestamp>
<sampling_rows_first>4</sampling_rows_first>
<sampling_rows_last>-1</sampling_rows_last>
<date_pattern>\d{4}-\d{2}-\d{2}\s\d{2}:\d{2}:\d{2}</date_pattern>
<sample_size>-1</sample_size>
<use_df_only>false</use_df_only>
<keep_header_lines>0</keep_header_lines>
</file>
<file>
<file_name>/u01/app/grid/diag/crs/aupp-hroradb-f9exx2/crs/trace/ocssd.trc</file_name>
<file_type>CSS (ocssd) Log</file_type>
<size>13619032</size>
<database></database>
<cluster>null</cluster>
<instance></instance>
<component>CRS</component>
<base_directory>/u01/app/grid/diag/crs/aupp-hroradb-f9exx2/crs/trace</base_directory>
<last_modified>Sat Oct 31 19:31:16 UTC 2020</last_modified>
<hostname>aupp-hroradb-f9exx2</hostname>
<lines>1000</lines>
<first_timestamp>Sat Oct 31 14:19:53 UTC 2020</first_timestamp>
<last_timestamp>Sat Oct 31 19:31:16 UTC 2020</last_timestamp>
<sampling_rows_first>5</sampling_rows_first>
<sampling_rows_last>-1</sampling_rows_last>
<date_pattern>\d{4}-\d{2}-\d{2}\s\d{2}:\d{2}:\d{2}</date_pattern>
<sample_size>-1</sample_size>
<use_df_only>false</use_df_only>
<keep_header_lines>0</keep_header_lines>
</file>
<file>
<file_name>/u01/app/grid/diag/crs/aupp-hroradb-f9exx2/crs/trace/octssd.trc</file_name>
<file_type>CTSSD Log</file_type>
<size>17319418</size>
<database></database>
<cluster>null</cluster>
<instance></instance>
<component>CRS</component>
<base_directory>/u01/app/grid/diag/crs/aupp-hroradb-f9exx2/crs/trace</base_directory>
<last_modified>Sat Oct 31 19:31:11 UTC 2020</last_modified>
<hostname>aupp-hroradb-f9exx2</hostname>
<lines>1000</lines>
<first_timestamp>Sun Oct 25 00:52:34 UTC 2020</first_timestamp>
<last_timestamp>Sat Oct 31 19:31:11 UTC 2020</last_timestamp>
<sampling_rows_first>5</sampling_rows_first>
<sampling_rows_last>-1</sampling_rows_last>
<date_pattern>\d{4}-\d{2}-\d{2}\s\d{2}:\d{2}:\d{2}</date_pattern>
<sample_size>-1</sample_size>
<use_df_only>false</use_df_only>
<keep_header_lines>0</keep_header_lines>
</file>
<file>
<file_name>/u01/app/grid/diag/crs/aupp-hroradb-f9exx2/crs/trace/ohasd.trc</file_name>
<file_type>OHASD Log</file_type>
<size>21224368</size>
<database></database>
<cluster>null</cluster>
<instance></instance>
<component>CRS</component>
<base_directory>/u01/app/grid/diag/crs/aupp-hroradb-f9exx2/crs/trace</base_directory>
<last_modified>Sat Oct 31 19:31:16 UTC 2020</last_modified>
<hostname>aupp-hroradb-f9exx2</hostname>
<lines>1000</lines>
<first_timestamp>Thu Oct 29 03:14:54 UTC 2020</first_timestamp>
<last_timestamp>Sat Oct 31 19:31:16 UTC 2020</last_timestamp>
<sampling_rows_first>5</sampling_rows_first>
<sampling_rows_last>-1</sampling_rows_last>
<date_pattern>\d{4}-\d{2}-\d{2}\s\d{2}:\d{2}:\d{2}</date_pattern>
<sample_size>-1</sample_size>
<use_df_only>false</use_df_only>
<keep_header_lines>0</keep_header_lines>
</file>
<file>
<file_name>/u01/app/grid/diag/crs/aupp-hroradb-f9exx2/crs/trace/ohasd_cssdagent_root.trc</file_name>
<file_type>CSSD Agent Log (OHASD)</file_type>
<size>5861519</size>
<database></database>
<cluster>null</cluster>
<instance></instance>
<component>CRS</component>
<base_directory>/u01/app/grid/diag/crs/aupp-hroradb-f9exx2/crs/trace</base_directory>
<last_modified>Sat Oct 31 19:30:33 UTC 2020</last_modified>
<hostname>aupp-hroradb-f9exx2</hostname>
<lines>1000</lines>
<first_timestamp>Tue Oct 20 23:37:00 UTC 2020</first_timestamp>
<last_timestamp>Sat Oct 31 19:30:33 UTC 2020</last_timestamp>
<sampling_rows_first>5</sampling_rows_first>
<sampling_rows_last>-1</sampling_rows_last>
<date_pattern>\d{4}-\d{2}-\d{2}\s\d{2}:\d{2}:\d{2}</date_pattern>
<sample_size>-1</sample_size>
<use_df_only>false</use_df_only>
<keep_header_lines>0</keep_header_lines>
</file>
<file>
<file_name>/u01/app/grid/diag/crs/aupp-hroradb-f9exx2/crs/trace/ohasd_cssdmonitor_root.trc</file_name>
<file_type>CSSD Monitor Log (OHASD)</file_type>
<size>5053266</size>
<database></database>
<cluster>null</cluster>
<instance></instance>
<component>CRS</component>
<base_directory>/u01/app/grid/diag/crs/aupp-hroradb-f9exx2/crs/trace</base_directory>
<last_modified>Sat Oct 31 19:30:51 UTC 2020</last_modified>
<hostname>aupp-hroradb-f9exx2</hostname>
<lines>1000</lines>
<first_timestamp>Thu Oct 22 11:10:49 UTC 2020</first_timestamp>
<last_timestamp>Sat Oct 31 19:30:51 UTC 2020</last_timestamp>
<sampling_rows_first>5</sampling_rows_first>
<sampling_rows_last>-1</sampling_rows_last>
<date_pattern>\d{4}-\d{2}-\d{2}\s\d{2}:\d{2}:\d{2}</date_pattern>
<sample_size>-1</sample_size>
<use_df_only>false</use_df_only>
<keep_header_lines>0</keep_header_lines>
</file>
<file>
<file_name>/u01/app/grid/diag/crs/aupp-hroradb-f9exx2/crs/trace/ohasd_oraagent_grid.trc</file_name>
<file_type>OHASD User Agent Log</file_type>
<size>5096753</size>
<database></database>
<cluster>null</cluster>
<instance></instance>
<component>CRS</component>
<base_directory>/u01/app/grid/diag/crs/aupp-hroradb-f9exx2/crs/trace</base_directory>
<last_modified>Sat Oct 31 19:31:16 UTC 2020</last_modified>
<hostname>aupp-hroradb-f9exx2</hostname>
<lines>1000</lines>
<first_timestamp>Sat Oct 31 17:06:43 UTC 2020</first_timestamp>
<last_timestamp>Sat Oct 31 19:31:16 UTC 2020</last_timestamp>
<sampling_rows_first>5</sampling_rows_first>
<sampling_rows_last>-1</sampling_rows_last>
<date_pattern>\d{4}-\d{2}-\d{2}\s\d{2}:\d{2}:\d{2}</date_pattern>
<sample_size>-1</sample_size>
<use_df_only>false</use_df_only>
<keep_header_lines>0</keep_header_lines>
</file>
<file>
<file_name>/u01/app/grid/diag/crs/aupp-hroradb-f9exx2/crs/trace/ohasd_orarootagent_root.trc</file_name>
<file_type>OHASD Root Agent Log</file_type>
<size>22115679</size>
<database></database>
<cluster>null</cluster>
<instance></instance>
<component>CRS</component>
<base_directory>/u01/app/grid/diag/crs/aupp-hroradb-f9exx2/crs/trace</base_directory>
<last_modified>Sat Oct 31 19:31:16 UTC 2020</last_modified>
<hostname>aupp-hroradb-f9exx2</hostname>
<lines>1000</lines>
<first_timestamp>Fri Oct 30 17:03:07 UTC 2020</first_timestamp>
<last_timestamp>Sat Oct 31 19:31:16 UTC 2020</last_timestamp>
<sampling_rows_first>5</sampling_rows_first>
<sampling_rows_last>-1</sampling_rows_last>
<date_pattern>\d{4}-\d{2}-\d{2}\s\d{2}:\d{2}:\d{2}</date_pattern>
<sample_size>-1</sample_size>
<use_df_only>false</use_df_only>
<keep_header_lines>0</keep_header_lines>
</file>
<file>
<file_name>/u01/app/grid/diag/crs/aupp-hroradb-f9exx2/crs/trace/oifcfg_295761.trc</file_name>
<file_type>OIFCFG Log</file_type>
<size>488</size>
<database></database>
<cluster>null</cluster>
<instance></instance>
<component>CRS</component>
<base_directory>/u01/app/grid/diag/crs/aupp-hroradb-f9exx2/crs/trace</base_directory>
<last_modified>Sat Oct 31 19:03:35 UTC 2020</last_modified>
<hostname>aupp-hroradb-f9exx2</hostname>
<lines>7</lines>
<first_timestamp>null</first_timestamp>
<last_timestamp>null</last_timestamp>
<sampling_rows_first>-1</sampling_rows_first>
<sampling_rows_last>-1</sampling_rows_last>
<date_pattern>null</date_pattern>
<sample_size>-1</sample_size>
<use_df_only>false</use_df_only>
<keep_header_lines>0</keep_header_lines>
</file>
<file>
<file_name>/u01/app/grid/diag/crs/aupp-hroradb-f9exx2/crs/trace/oifcfg_296770.trc</file_name>
<file_type>OIFCFG Log</file_type>
<size>488</size>
<database></database>
<cluster>null</cluster>
<instance></instance>
<component>CRS</component>
<base_directory>/u01/app/grid/diag/crs/aupp-hroradb-f9exx2/crs/trace</base_directory>
<last_modified>Sat Oct 31 19:03:53 UTC 2020</last_modified>
<hostname>aupp-hroradb-f9exx2</hostname>
<lines>7</lines>
<first_timestamp>null</first_timestamp>
<last_timestamp>null</last_timestamp>
<sampling_rows_first>-1</sampling_rows_first>
<sampling_rows_last>-1</sampling_rows_last>
<date_pattern>null</date_pattern>
<sample_size>-1</sample_size>
<use_df_only>false</use_df_only>
<keep_header_lines>0</keep_header_lines>
</file>
<file>
<file_name>/u01/app/grid/diag/crs/aupp-hroradb-f9exx2/crs/trace/ologgerd.trc</file_name>
<file_type>CRFLOGD (ologgerd) Log</file_type>
<size>10168920</size>
<database></database>
<cluster>null</cluster>
<instance></instance>
<component>CRS</component>
<base_directory>/u01/app/grid/diag/crs/aupp-hroradb-f9exx2/crs/trace</base_directory>
<last_modified>Sat Oct 31 19:31:15 UTC 2020</last_modified>
<hostname>aupp-hroradb-f9exx2</hostname>
<lines>1000</lines>
<first_timestamp>null</first_timestamp>
<last_timestamp>null</last_timestamp>
<sampling_rows_first>-1</sampling_rows_first>
<sampling_rows_last>-1</sampling_rows_last>
<date_pattern>null</date_pattern>
<sample_size>-1</sample_size>
<use_df_only>false</use_df_only>
<keep_header_lines>0</keep_header_lines>
</file>
<file>
<file_name>/u01/app/grid/diag/crs/aupp-hroradb-f9exx2/crs/trace/osysmond_9.trc</file_name>
<file_type>CRFMOND (osysmond) Log</file_type>
<size>27017100</size>
<database></database>
<cluster>null</cluster>
<instance></instance>
<component>CRS</component>
<base_directory>/u01/app/grid/diag/crs/aupp-hroradb-f9exx2/crs/trace</base_directory>
<last_modified>Sat Oct 31 19:29:14 UTC 2020</last_modified>
<hostname>aupp-hroradb-f9exx2</hostname>
<lines>1000</lines>
<first_timestamp>Tue Oct 06 15:41:20 UTC 2020</first_timestamp>
<last_timestamp>Sat Oct 31 19:29:14 UTC 2020</last_timestamp>
<sampling_rows_first>5</sampling_rows_first>
<sampling_rows_last>-1</sampling_rows_last>
<date_pattern>\d{4}-\d{2}-\d{2}\s\d{2}:\d{2}:\d{2}\.\d{3}</date_pattern>
<sample_size>-1</sample_size>
<use_df_only>false</use_df_only>
<keep_header_lines>0</keep_header_lines>
</file>
<file>
<file_name>/home/oracle/oswbb/archive/oswpidstat/aupp-hroradb-f9exx2_pidstat_20.10.31.1400.dat</file_name>
<file_type>null</file_type>
<size>204811</size>
<database></database>
<cluster>null</cluster>
<instance></instance>
<component>OS</component>
<base_directory>/home/oracle/oswbb/archive</base_directory>
<last_modified>Sat Oct 31 19:27:37 UTC 2020</last_modified>
<hostname>aupp-hroradb-f9exx2</hostname>
<lines>0</lines>
<first_timestamp>null</first_timestamp>
<last_timestamp>null</last_timestamp>
<sampling_rows_first>-1</sampling_rows_first>
<sampling_rows_last>-1</sampling_rows_last>
<date_pattern>null</date_pattern>
<sample_size>-1</sample_size>
<use_df_only>false</use_df_only>
<keep_header_lines>0</keep_header_lines>
</file>
<file>
<file_name>/home/oracle/oswbb/archive/oswpidstatd/aupp-hroradb-f9exx2_pidstatd_20.10.31.1400.dat</file_name>
<file_type>null</file_type>
<size>6114</size>
<database></database>
<cluster>null</cluster>
<instance></instance>
<component>OS</component>
<base_directory>/home/oracle/oswbb/archive</base_directory>
<last_modified>Sat Oct 31 19:27:38 UTC 2020</last_modified>
<hostname>aupp-hroradb-f9exx2</hostname>
<lines>0</lines>
<first_timestamp>null</first_timestamp>
<last_timestamp>null</last_timestamp>
<sampling_rows_first>-1</sampling_rows_first>
<sampling_rows_last>-1</sampling_rows_last>
<date_pattern>null</date_pattern>
<sample_size>-1</sample_size>
<use_df_only>false</use_df_only>
<keep_header_lines>0</keep_header_lines>
</file>
<file>
<file_name>/u01/app/grid/crsdata/aupp-hroradb-f9exx2/crf/db/json/jsondump.log</file_name>
<file_type>null</file_type>
<size>8741744</size>
<database></database>
<cluster>null</cluster>
<instance></instance>
<component>CRS</component>
<base_directory>/u01/app/grid/crsdata/aupp-hroradb-f9exx2/crf</base_directory>
<last_modified>Sat Oct 31 19:30:31 UTC 2020</last_modified>
<hostname>aupp-hroradb-f9exx2</hostname>
<lines>0</lines>
<first_timestamp>null</first_timestamp>
<last_timestamp>null</last_timestamp>
<sampling_rows_first>-1</sampling_rows_first>
<sampling_rows_last>-1</sampling_rows_last>
<date_pattern>null</date_pattern>
<sample_size>-1</sample_size>
<use_df_only>false</use_df_only>
<keep_header_lines>0</keep_header_lines>
</file>
<file>
<file_name>/u01/app/grid/crsdata/aupp-hroradb-f9exx2/crf/db/proc/procdump.log</file_name>
<file_type>null</file_type>
<size>6066829</size>
<database></database>
<cluster>null</cluster>
<instance></instance>
<component>CRS</component>
<base_directory>/u01/app/grid/crsdata/aupp-hroradb-f9exx2/crf</base_directory>
<last_modified>Sat Oct 31 19:30:35 UTC 2020</last_modified>
<hostname>aupp-hroradb-f9exx2</hostname>
<lines>0</lines>
<first_timestamp>null</first_timestamp>
<last_timestamp>null</last_timestamp>
<sampling_rows_first>-1</sampling_rows_first>
<sampling_rows_last>-1</sampling_rows_last>
<date_pattern>null</date_pattern>
<sample_size>-1</sample_size>
<use_df_only>false</use_df_only>
<keep_header_lines>0</keep_header_lines>
</file>
<file>
<file_name>/u01/app/grid/diag/crs/aupp-hroradb-f9exx2/crs/trace/osysmond.trc</file_name>
<file_type>null</file_type>
<size>6625549</size>
<database></database>
<cluster>null</cluster>
<instance></instance>
<component>CRS</component>
<base_directory>/u01/app/grid/diag/crs/aupp-hroradb-f9exx2/crs/trace</base_directory>
<last_modified>Sat Oct 31 19:31:15 UTC 2020</last_modified>
<hostname>aupp-hroradb-f9exx2</hostname>
<lines>0</lines>
<first_timestamp>null</first_timestamp>
<last_timestamp>null</last_timestamp>
<sampling_rows_first>-1</sampling_rows_first>
<sampling_rows_last>-1</sampling_rows_last>
<date_pattern>null</date_pattern>
<sample_size>-1</sample_size>
<use_df_only>false</use_df_only>
<keep_header_lines>0</keep_header_lines>
</file>
<file>
<file_name>/u02/app/oracle/diag/rdbms/prd_iad3vt/PRD2/trace/PRD2_tmon_213996.trc</file_name>
<file_type>null</file_type>
<size>129504566</size>
<database>prd_iad3vt</database>
<cluster>null</cluster>
<instance>PRD2</instance>
<component>RDBMS</component>
<base_directory>/u02/app/oracle/diag/rdbms/prd_iad3vt/PRD2/trace</base_directory>
<last_modified>Sat Oct 31 19:31:11 UTC 2020</last_modified>
<hostname>aupp-hroradb-f9exx2</hostname>
<lines>0</lines>
<first_timestamp>null</first_timestamp>
<last_timestamp>null</last_timestamp>
<sampling_rows_first>-1</sampling_rows_first>
<sampling_rows_last>-1</sampling_rows_last>
<date_pattern>null</date_pattern>
<sample_size>-1</sample_size>
<use_df_only>false</use_df_only>
<keep_header_lines>0</keep_header_lines>
</file>
<file>
<file_name>/var/log/exadatatmp/_ExaWatcher_rds_ping_my_connects_stcennoc_ym_gnip_sdr_rehctaWaxE</file_name>
<file_type>null</file_type>
<size>2130413</size>
<database></database>
<cluster>null</cluster>
<instance></instance>
<component>OS</component>
<base_directory>/var/log</base_directory>
<last_modified>Sat Oct 31 19:30:42 UTC 2020</last_modified>
<hostname>aupp-hroradb-f9exx2</hostname>
<lines>0</lines>
<first_timestamp>null</first_timestamp>
<last_timestamp>null</last_timestamp>
<sampling_rows_first>-1</sampling_rows_first>
<sampling_rows_last>-1</sampling_rows_last>
<date_pattern>null</date_pattern>
<sample_size>-1</sample_size>
<use_df_only>false</use_df_only>
<keep_header_lines>0</keep_header_lines>
</file>
<file>
<file_name>/var/log/exadatatmp/cellirqbalance-interrupts.out</file_name>
<file_type>null</file_type>
<size>4802</size>
<database></database>
<cluster>null</cluster>
<instance></instance>
<component>OS</component>
<base_directory>/var/log</base_directory>
<last_modified>Sat Oct 31 19:31:16 UTC 2020</last_modified>
<hostname>aupp-hroradb-f9exx2</hostname>
<lines>0</lines>
<first_timestamp>null</first_timestamp>
<last_timestamp>null</last_timestamp>
<sampling_rows_first>-1</sampling_rows_first>
<sampling_rows_last>-1</sampling_rows_last>
<date_pattern>null</date_pattern>
<sample_size>-1</sample_size>
<use_df_only>false</use_df_only>
<keep_header_lines>0</keep_header_lines>
</file>
<file>
<file_name>/var/log/oracle/deploy/wls_gc34822.trc.1.current</file_name>
<file_type>null</file_type>
<size>62545</size>
<database></database>
<cluster>null</cluster>
<instance></instance>
<component>OS</component>
<base_directory>/var/log</base_directory>
<last_modified>Sat Oct 31 19:31:21 UTC 2020</last_modified>
<hostname>aupp-hroradb-f9exx2</hostname>
<lines>0</lines>
<first_timestamp>null</first_timestamp>
<last_timestamp>null</last_timestamp>
<sampling_rows_first>-1</sampling_rows_first>
<sampling_rows_last>-1</sampling_rows_last>
<date_pattern>null</date_pattern>
<sample_size>-1</sample_size>
<use_df_only>false</use_df_only>
<keep_header_lines>0</keep_header_lines>
</file>
<file>
<file_name>/var/log/oracle/diag/asm/dbserver/aupp-hroradb-f9exx2/trace/rstrc_34106_mmt.trc</file_name>
<file_type>null</file_type>
<size>196734</size>
<database></database>
<cluster>null</cluster>
<instance></instance>
<component>OS</component>
<base_directory>/var/log</base_directory>
<last_modified>Sat Oct 31 19:28:49 UTC 2020</last_modified>
<hostname>aupp-hroradb-f9exx2</hostname>
<lines>0</lines>
<first_timestamp>null</first_timestamp>
<last_timestamp>null</last_timestamp>
<sampling_rows_first>-1</sampling_rows_first>
<sampling_rows_last>-1</sampling_rows_last>
<date_pattern>null</date_pattern>
<sample_size>-1</sample_size>
<use_df_only>false</use_df_only>
<keep_header_lines>0</keep_header_lines>
</file>
<file>
<file_name>/var/log/uptrack.log</file_name>
<file_type>null</file_type>
<size>602472</size>
<database></database>
<cluster>null</cluster>
<instance></instance>
<component>OS</component>
<base_directory>/var/log</base_directory>
<last_modified>Sat Oct 31 19:15:56 UTC 2020</last_modified>
<hostname>aupp-hroradb-f9exx2</hostname>
<lines>0</lines>
<first_timestamp>null</first_timestamp>
<last_timestamp>null</last_timestamp>
<sampling_rows_first>-1</sampling_rows_first>
<sampling_rows_last>-1</sampling_rows_last>
<date_pattern>null</date_pattern>
<sample_size>-1</sample_size>
<use_df_only>false</use_df_only>
<keep_header_lines>0</keep_header_lines>
</file>
</files>