<files>
<CRS_TZ>UTC</CRS_TZ>
<session_TZ>UTC</session_TZ>
<system_TZ>Coordinated Universal Time</system_TZ>
<file>
<file_name>/u01/app/grid/diag/crs/aupp-hroradb-f9exx1/crs/trace/alert.log</file_name>
<file_type>CRS Alert Log</file_type>
<size>197487</size>
<database></database>
<cluster>null</cluster>
<instance></instance>
<component>CRS</component>
<base_directory>/u01/app/grid/diag/crs/aupp-hroradb-f9exx1/crs/trace</base_directory>
<last_modified>Wed Oct 28 02:27:51 UTC 2020</last_modified>
<hostname>aupp-hroradb-f9exx1</hostname>
<lines>976</lines>
<first_timestamp>Mon Jul 13 16:37:09 UTC 2020</first_timestamp>
<last_timestamp>Wed Oct 28 02:27:51 UTC 2020</last_timestamp>
<sampling_rows_first>1</sampling_rows_first>
<sampling_rows_last>-1</sampling_rows_last>
<date_pattern>\d{4}-\d{2}-\d{2}\s\d{2}:\d{2}:\d{2}\.\d{3}</date_pattern>
<sample_size>-1</sample_size>
<use_df_only>false</use_df_only>
<keep_header_lines>0</keep_header_lines>
</file>
<file>
<file_name>/u01/app/grid/diag/crs/aupp-hroradb-f9exx1/crs/trace/crsctl_148932.trc</file_name>
<file_type>CRSCTL (Client) Log</file_type>
<size>820</size>
<database></database>
<cluster>null</cluster>
<instance></instance>
<component>CRS</component>
<base_directory>/u01/app/grid/diag/crs/aupp-hroradb-f9exx1/crs/trace</base_directory>
<last_modified>Wed Oct 28 19:26:22 UTC 2020</last_modified>
<hostname>aupp-hroradb-f9exx1</hostname>
<lines>10</lines>
<first_timestamp>null</first_timestamp>
<last_timestamp>null</last_timestamp>
<sampling_rows_first>-1</sampling_rows_first>
<sampling_rows_last>-1</sampling_rows_last>
<date_pattern>null</date_pattern>
<sample_size>-1</sample_size>
<use_df_only>false</use_df_only>
<keep_header_lines>0</keep_header_lines>
</file>
<file>
<file_name>/u01/app/grid/diag/crs/aupp-hroradb-f9exx1/crs/trace/crsd.trc</file_name>
<file_type>CRSD Log</file_type>
<size>22726244</size>
<database></database>
<cluster>null</cluster>
<instance></instance>
<component>CRS</component>
<base_directory>/u01/app/grid/diag/crs/aupp-hroradb-f9exx1/crs/trace</base_directory>
<last_modified>Wed Oct 28 19:39:25 UTC 2020</last_modified>
<hostname>aupp-hroradb-f9exx1</hostname>
<lines>1000</lines>
<first_timestamp>Tue Oct 27 05:54:28 UTC 2020</first_timestamp>
<last_timestamp>Wed Oct 28 19:39:25 UTC 2020</last_timestamp>
<sampling_rows_first>5</sampling_rows_first>
<sampling_rows_last>-1</sampling_rows_last>
<date_pattern>\d{4}-\d{2}-\d{2}\s\d{2}:\d{2}:\d{2}</date_pattern>
<sample_size>-1</sample_size>
<use_df_only>false</use_df_only>
<keep_header_lines>0</keep_header_lines>
</file>
<file>
<file_name>/u01/app/grid/diag/crs/aupp-hroradb-f9exx1/crs/trace/crsd_oraagent_grid.trc</file_name>
<file_type>CRSD User Agent Log</file_type>
<size>23793294</size>
<database></database>
<cluster>null</cluster>
<instance></instance>
<component>CRS</component>
<base_directory>/u01/app/grid/diag/crs/aupp-hroradb-f9exx1/crs/trace</base_directory>
<last_modified>Wed Oct 28 19:39:25 UTC 2020</last_modified>
<hostname>aupp-hroradb-f9exx1</hostname>
<lines>1000</lines>
<first_timestamp>Tue Oct 27 06:07:31 UTC 2020</first_timestamp>
<last_timestamp>Wed Oct 28 19:39:25 UTC 2020</last_timestamp>
<sampling_rows_first>5</sampling_rows_first>
<sampling_rows_last>-1</sampling_rows_last>
<date_pattern>\d{4}-\d{2}-\d{2}\s\d{2}:\d{2}:\d{2}</date_pattern>
<sample_size>-1</sample_size>
<use_df_only>false</use_df_only>
<keep_header_lines>0</keep_header_lines>
</file>
<file>
<file_name>/u01/app/grid/diag/crs/aupp-hroradb-f9exx1/crs/trace/crsd_oraagent_oracle.trc</file_name>
<file_type>CRSD User Agent Log</file_type>
<size>23159905</size>
<database></database>
<cluster>null</cluster>
<instance></instance>
<component>CRS</component>
<base_directory>/u01/app/grid/diag/crs/aupp-hroradb-f9exx1/crs/trace</base_directory>
<last_modified>Wed Oct 28 19:39:23 UTC 2020</last_modified>
<hostname>aupp-hroradb-f9exx1</hostname>
<lines>1000</lines>
<first_timestamp>Wed Oct 28 03:55:18 UTC 2020</first_timestamp>
<last_timestamp>Wed Oct 28 19:39:23 UTC 2020</last_timestamp>
<sampling_rows_first>5</sampling_rows_first>
<sampling_rows_last>-1</sampling_rows_last>
<date_pattern>\d{4}-\d{2}-\d{2}\s\d{2}:\d{2}:\d{2}</date_pattern>
<sample_size>-1</sample_size>
<use_df_only>false</use_df_only>
<keep_header_lines>0</keep_header_lines>
</file>
<file>
<file_name>/u01/app/grid/diag/crs/aupp-hroradb-f9exx1/crs/trace/crsd_orarootagent_root.trc</file_name>
<file_type>CRSD Root Agent Log</file_type>
<size>24254316</size>
<database></database>
<cluster>null</cluster>
<instance></instance>
<component>CRS</component>
<base_directory>/u01/app/grid/diag/crs/aupp-hroradb-f9exx1/crs/trace</base_directory>
<last_modified>Wed Oct 28 19:39:01 UTC 2020</last_modified>
<hostname>aupp-hroradb-f9exx1</hostname>
<lines>1000</lines>
<first_timestamp>Wed Aug 26 09:16:03 UTC 2020</first_timestamp>
<last_timestamp>Wed Oct 28 19:39:01 UTC 2020</last_timestamp>
<sampling_rows_first>5</sampling_rows_first>
<sampling_rows_last>-1</sampling_rows_last>
<date_pattern>\d{4}-\d{2}-\d{2}\s\d{2}:\d{2}:\d{2}</date_pattern>
<sample_size>-1</sample_size>
<use_df_only>false</use_df_only>
<keep_header_lines>0</keep_header_lines>
</file>
<file>
<file_name>/u01/app/grid/diag/crs/aupp-hroradb-f9exx1/crs/trace/diskmon.trc</file_name>
<file_type>DISKMON log</file_type>
<size>25667874</size>
<database></database>
<cluster>null</cluster>
<instance></instance>
<component>CRS</component>
<base_directory>/u01/app/grid/diag/crs/aupp-hroradb-f9exx1/crs/trace</base_directory>
<last_modified>Wed Oct 28 19:39:26 UTC 2020</last_modified>
<hostname>aupp-hroradb-f9exx1</hostname>
<lines>1000</lines>
<first_timestamp>Tue Oct 20 19:30:39 UTC 2020</first_timestamp>
<last_timestamp>Wed Oct 28 19:39:26 UTC 2020</last_timestamp>
<sampling_rows_first>5</sampling_rows_first>
<sampling_rows_last>-1</sampling_rows_last>
<date_pattern>\d{4}-\d{2}-\d{2}\s\d{2}:\d{2}:\d{2}\.\d{3}</date_pattern>
<sample_size>-1</sample_size>
<use_df_only>false</use_df_only>
<keep_header_lines>0</keep_header_lines>
</file>
<file>
<file_name>/u01/app/grid/diag/crs/aupp-hroradb-f9exx1/crs/trace/evmd.trc</file_name>
<file_type>EVMD Log</file_type>
<size>4258321</size>
<database></database>
<cluster>null</cluster>
<instance></instance>
<component>CRS</component>
<base_directory>/u01/app/grid/diag/crs/aupp-hroradb-f9exx1/crs/trace</base_directory>
<last_modified>Wed Oct 28 19:39:19 UTC 2020</last_modified>
<hostname>aupp-hroradb-f9exx1</hostname>
<lines>1000</lines>
<first_timestamp>Sat Oct 24 14:51:24 UTC 2020</first_timestamp>
<last_timestamp>Wed Oct 28 19:39:19 UTC 2020</last_timestamp>
<sampling_rows_first>5</sampling_rows_first>
<sampling_rows_last>-1</sampling_rows_last>
<date_pattern>\d{4}-\d{2}-\d{2}\s\d{2}:\d{2}:\d{2}</date_pattern>
<sample_size>-1</sample_size>
<use_df_only>false</use_df_only>
<keep_header_lines>0</keep_header_lines>
</file>
<file>
<file_name>/u01/app/grid/diag/crs/aupp-hroradb-f9exx1/crs/trace/gipcd.trc</file_name>
<file_type>GIPCD Log</file_type>
<size>1151043</size>
<database></database>
<cluster>null</cluster>
<instance></instance>
<component>CRS</component>
<base_directory>/u01/app/grid/diag/crs/aupp-hroradb-f9exx1/crs/trace</base_directory>
<last_modified>Wed Oct 28 19:39:25 UTC 2020</last_modified>
<hostname>aupp-hroradb-f9exx1</hostname>
<lines>1000</lines>
<first_timestamp>Wed Oct 28 17:04:23 UTC 2020</first_timestamp>
<last_timestamp>Wed Oct 28 19:39:25 UTC 2020</last_timestamp>
<sampling_rows_first>5</sampling_rows_first>
<sampling_rows_last>-1</sampling_rows_last>
<date_pattern>\d{4}-\d{2}-\d{2}\s\d{2}:\d{2}:\d{2}</date_pattern>
<sample_size>-1</sample_size>
<use_df_only>false</use_df_only>
<keep_header_lines>0</keep_header_lines>
</file>
<file>
<file_name>/u01/app/grid/diag/crs/aupp-hroradb-f9exx1/crs/trace/gpnpd.trc</file_name>
<file_type>GPNPD Log</file_type>
<size>22943360</size>
<database></database>
<cluster>null</cluster>
<instance></instance>
<component>CRS</component>
<base_directory>/u01/app/grid/diag/crs/aupp-hroradb-f9exx1/crs/trace</base_directory>
<last_modified>Wed Oct 28 19:39:04 UTC 2020</last_modified>
<hostname>aupp-hroradb-f9exx1</hostname>
<lines>1000</lines>
<first_timestamp>Wed Sep 09 08:54:50 UTC 2020</first_timestamp>
<last_timestamp>Wed Oct 28 19:39:04 UTC 2020</last_timestamp>
<sampling_rows_first>5</sampling_rows_first>
<sampling_rows_last>-1</sampling_rows_last>
<date_pattern>\d{4}-\d{2}-\d{2}\s\d{2}:\d{2}:\d{2}</date_pattern>
<sample_size>-1</sample_size>
<use_df_only>false</use_df_only>
<keep_header_lines>0</keep_header_lines>
</file>
<file>
<file_name>/u01/app/grid/diag/crs/aupp-hroradb-f9exx1/crs/trace/ocssd.trc</file_name>
<file_type>CSS (ocssd) Log</file_type>
<size>21750966</size>
<database></database>
<cluster>null</cluster>
<instance></instance>
<component>CRS</component>
<base_directory>/u01/app/grid/diag/crs/aupp-hroradb-f9exx1/crs/trace</base_directory>
<last_modified>Wed Oct 28 19:39:26 UTC 2020</last_modified>
<hostname>aupp-hroradb-f9exx1</hostname>
<lines>1000</lines>
<first_timestamp>Wed Oct 28 12:36:46 UTC 2020</first_timestamp>
<last_timestamp>Wed Oct 28 19:39:26 UTC 2020</last_timestamp>
<sampling_rows_first>5</sampling_rows_first>
<sampling_rows_last>-1</sampling_rows_last>
<date_pattern>\d{4}-\d{2}-\d{2}\s\d{2}:\d{2}:\d{2}</date_pattern>
<sample_size>-1</sample_size>
<use_df_only>false</use_df_only>
<keep_header_lines>0</keep_header_lines>
</file>
<file>
<file_name>/u01/app/grid/diag/crs/aupp-hroradb-f9exx1/crs/trace/octssd.trc</file_name>
<file_type>CTSSD Log</file_type>
<size>4947560</size>
<database></database>
<cluster>null</cluster>
<instance></instance>
<component>CRS</component>
<base_directory>/u01/app/grid/diag/crs/aupp-hroradb-f9exx1/crs/trace</base_directory>
<last_modified>Wed Oct 28 19:39:24 UTC 2020</last_modified>
<hostname>aupp-hroradb-f9exx1</hostname>
<lines>1000</lines>
<first_timestamp>Wed Oct 28 11:07:24 UTC 2020</first_timestamp>
<last_timestamp>Wed Oct 28 19:39:24 UTC 2020</last_timestamp>
<sampling_rows_first>5</sampling_rows_first>
<sampling_rows_last>-1</sampling_rows_last>
<date_pattern>\d{4}-\d{2}-\d{2}\s\d{2}:\d{2}:\d{2}</date_pattern>
<sample_size>-1</sample_size>
<use_df_only>false</use_df_only>
<keep_header_lines>0</keep_header_lines>
</file>
<file>
<file_name>/u01/app/grid/diag/crs/aupp-hroradb-f9exx1/crs/trace/ohasd.trc</file_name>
<file_type>OHASD Log</file_type>
<size>9691183</size>
<database></database>
<cluster>null</cluster>
<instance></instance>
<component>CRS</component>
<base_directory>/u01/app/grid/diag/crs/aupp-hroradb-f9exx1/crs/trace</base_directory>
<last_modified>Wed Oct 28 19:39:15 UTC 2020</last_modified>
<hostname>aupp-hroradb-f9exx1</hostname>
<lines>1000</lines>
<first_timestamp>Tue Oct 27 11:17:11 UTC 2020</first_timestamp>
<last_timestamp>Wed Oct 28 19:39:15 UTC 2020</last_timestamp>
<sampling_rows_first>5</sampling_rows_first>
<sampling_rows_last>-1</sampling_rows_last>
<date_pattern>\d{4}-\d{2}-\d{2}\s\d{2}:\d{2}:\d{2}</date_pattern>
<sample_size>-1</sample_size>
<use_df_only>false</use_df_only>
<keep_header_lines>0</keep_header_lines>
</file>
<file>
<file_name>/u01/app/grid/diag/crs/aupp-hroradb-f9exx1/crs/trace/ohasd_cssdagent_root.trc</file_name>
<file_type>CSSD Agent Log (OHASD)</file_type>
<size>5340577</size>
<database></database>
<cluster>null</cluster>
<instance></instance>
<component>CRS</component>
<base_directory>/u01/app/grid/diag/crs/aupp-hroradb-f9exx1/crs/trace</base_directory>
<last_modified>Wed Oct 28 19:39:20 UTC 2020</last_modified>
<hostname>aupp-hroradb-f9exx1</hostname>
<lines>1000</lines>
<first_timestamp>Mon Oct 19 01:32:18 UTC 2020</first_timestamp>
<last_timestamp>Wed Oct 28 19:39:20 UTC 2020</last_timestamp>
<sampling_rows_first>5</sampling_rows_first>
<sampling_rows_last>-1</sampling_rows_last>
<date_pattern>\d{4}-\d{2}-\d{2}\s\d{2}:\d{2}:\d{2}</date_pattern>
<sample_size>-1</sample_size>
<use_df_only>false</use_df_only>
<keep_header_lines>0</keep_header_lines>
</file>
<file>
<file_name>/u01/app/grid/diag/crs/aupp-hroradb-f9exx1/crs/trace/ohasd_cssdmonitor_root.trc</file_name>
<file_type>CSSD Monitor Log (OHASD)</file_type>
<size>4883684</size>
<database></database>
<cluster>null</cluster>
<instance></instance>
<component>CRS</component>
<base_directory>/u01/app/grid/diag/crs/aupp-hroradb-f9exx1/crs/trace</base_directory>
<last_modified>Wed Oct 28 19:38:39 UTC 2020</last_modified>
<hostname>aupp-hroradb-f9exx1</hostname>
<lines>1000</lines>
<first_timestamp>Mon Oct 19 18:46:07 UTC 2020</first_timestamp>
<last_timestamp>Wed Oct 28 19:38:39 UTC 2020</last_timestamp>
<sampling_rows_first>5</sampling_rows_first>
<sampling_rows_last>-1</sampling_rows_last>
<date_pattern>\d{4}-\d{2}-\d{2}\s\d{2}:\d{2}:\d{2}</date_pattern>
<sample_size>-1</sample_size>
<use_df_only>false</use_df_only>
<keep_header_lines>0</keep_header_lines>
</file>
<file>
<file_name>/u01/app/grid/diag/crs/aupp-hroradb-f9exx1/crs/trace/ohasd_oraagent_grid.trc</file_name>
<file_type>OHASD User Agent Log</file_type>
<size>11179504</size>
<database></database>
<cluster>null</cluster>
<instance></instance>
<component>CRS</component>
<base_directory>/u01/app/grid/diag/crs/aupp-hroradb-f9exx1/crs/trace</base_directory>
<last_modified>Wed Oct 28 19:39:26 UTC 2020</last_modified>
<hostname>aupp-hroradb-f9exx1</hostname>
<lines>1000</lines>
<first_timestamp>Wed Oct 28 14:08:21 UTC 2020</first_timestamp>
<last_timestamp>Wed Oct 28 19:39:26 UTC 2020</last_timestamp>
<sampling_rows_first>5</sampling_rows_first>
<sampling_rows_last>-1</sampling_rows_last>
<date_pattern>\d{4}-\d{2}-\d{2}\s\d{2}:\d{2}:\d{2}</date_pattern>
<sample_size>-1</sample_size>
<use_df_only>false</use_df_only>
<keep_header_lines>0</keep_header_lines>
</file>
<file>
<file_name>/u01/app/grid/diag/crs/aupp-hroradb-f9exx1/crs/trace/ohasd_orarootagent_root.trc</file_name>
<file_type>OHASD Root Agent Log</file_type>
<size>5158558</size>
<database></database>
<cluster>null</cluster>
<instance></instance>
<component>CRS</component>
<base_directory>/u01/app/grid/diag/crs/aupp-hroradb-f9exx1/crs/trace</base_directory>
<last_modified>Wed Oct 28 19:39:26 UTC 2020</last_modified>
<hostname>aupp-hroradb-f9exx1</hostname>
<lines>1000</lines>
<first_timestamp>Wed Oct 28 13:18:57 UTC 2020</first_timestamp>
<last_timestamp>Wed Oct 28 19:39:26 UTC 2020</last_timestamp>
<sampling_rows_first>5</sampling_rows_first>
<sampling_rows_last>-1</sampling_rows_last>
<date_pattern>\d{4}-\d{2}-\d{2}\s\d{2}:\d{2}:\d{2}</date_pattern>
<sample_size>-1</sample_size>
<use_df_only>false</use_df_only>
<keep_header_lines>0</keep_header_lines>
</file>
<file>
<file_name>/home/oracle/oswbb/archive/oswpidstat/aupp-hroradb-f9exx1_pidstat_20.10.28.1300.dat</file_name>
<file_type>null</file_type>
<size>411915</size>
<database></database>
<cluster>null</cluster>
<instance></instance>
<component>OS</component>
<base_directory>/home/oracle/oswbb/archive</base_directory>
<last_modified>Wed Oct 28 18:57:53 UTC 2020</last_modified>
<hostname>aupp-hroradb-f9exx1</hostname>
<lines>0</lines>
<first_timestamp>null</first_timestamp>
<last_timestamp>null</last_timestamp>
<sampling_rows_first>-1</sampling_rows_first>
<sampling_rows_last>-1</sampling_rows_last>
<date_pattern>null</date_pattern>
<sample_size>-1</sample_size>
<use_df_only>false</use_df_only>
<keep_header_lines>0</keep_header_lines>
</file>
<file>
<file_name>/home/oracle/oswbb/archive/oswpidstat/aupp-hroradb-f9exx1_pidstat_20.10.28.1400.dat</file_name>
<file_type>null</file_type>
<size>270823</size>
<database></database>
<cluster>null</cluster>
<instance></instance>
<component>OS</component>
<base_directory>/home/oracle/oswbb/archive</base_directory>
<last_modified>Wed Oct 28 19:37:53 UTC 2020</last_modified>
<hostname>aupp-hroradb-f9exx1</hostname>
<lines>0</lines>
<first_timestamp>null</first_timestamp>
<last_timestamp>null</last_timestamp>
<sampling_rows_first>-1</sampling_rows_first>
<sampling_rows_last>-1</sampling_rows_last>
<date_pattern>null</date_pattern>
<sample_size>-1</sample_size>
<use_df_only>false</use_df_only>
<keep_header_lines>0</keep_header_lines>
</file>
<file>
<file_name>/home/oracle/oswbb/archive/oswpidstatd/aupp-hroradb-f9exx1_pidstatd_20.10.28.1300.dat</file_name>
<file_type>null</file_type>
<size>13148</size>
<database></database>
<cluster>null</cluster>
<instance></instance>
<component>OS</component>
<base_directory>/home/oracle/oswbb/archive</base_directory>
<last_modified>Wed Oct 28 18:57:53 UTC 2020</last_modified>
<hostname>aupp-hroradb-f9exx1</hostname>
<lines>0</lines>
<first_timestamp>null</first_timestamp>
<last_timestamp>null</last_timestamp>
<sampling_rows_first>-1</sampling_rows_first>
<sampling_rows_last>-1</sampling_rows_last>
<date_pattern>null</date_pattern>
<sample_size>-1</sample_size>
<use_df_only>false</use_df_only>
<keep_header_lines>0</keep_header_lines>
</file>
<file>
<file_name>/home/oracle/oswbb/archive/oswpidstatd/aupp-hroradb-f9exx1_pidstatd_20.10.28.1400.dat</file_name>
<file_type>null</file_type>
<size>8437</size>
<database></database>
<cluster>null</cluster>
<instance></instance>
<component>OS</component>
<base_directory>/home/oracle/oswbb/archive</base_directory>
<last_modified>Wed Oct 28 19:37:53 UTC 2020</last_modified>
<hostname>aupp-hroradb-f9exx1</hostname>
<lines>0</lines>
<first_timestamp>null</first_timestamp>
<last_timestamp>null</last_timestamp>
<sampling_rows_first>-1</sampling_rows_first>
<sampling_rows_last>-1</sampling_rows_last>
<date_pattern>null</date_pattern>
<sample_size>-1</sample_size>
<use_df_only>false</use_df_only>
<keep_header_lines>0</keep_header_lines>
</file>
<file>
<file_name>/u01/app/grid/crsdata/aupp-hroradb-f9exx1/crf/db/json/jsondump.log</file_name>
<file_type>null</file_type>
<size>3762744</size>
<database></database>
<cluster>null</cluster>
<instance></instance>
<component>CRS</component>
<base_directory>/u01/app/grid/crsdata/aupp-hroradb-f9exx1/crf</base_directory>
<last_modified>Wed Oct 28 19:38:41 UTC 2020</last_modified>
<hostname>aupp-hroradb-f9exx1</hostname>
<lines>0</lines>
<first_timestamp>null</first_timestamp>
<last_timestamp>null</last_timestamp>
<sampling_rows_first>-1</sampling_rows_first>
<sampling_rows_last>-1</sampling_rows_last>
<date_pattern>null</date_pattern>
<sample_size>-1</sample_size>
<use_df_only>false</use_df_only>
<keep_header_lines>0</keep_header_lines>
</file>
<file>
<file_name>/u01/app/grid/crsdata/aupp-hroradb-f9exx1/crf/db/proc/procdump.log</file_name>
<file_type>null</file_type>
<size>916745</size>
<database></database>
<cluster>null</cluster>
<instance></instance>
<component>CRS</component>
<base_directory>/u01/app/grid/crsdata/aupp-hroradb-f9exx1/crf</base_directory>
<last_modified>Wed Oct 28 19:38:55 UTC 2020</last_modified>
<hostname>aupp-hroradb-f9exx1</hostname>
<lines>0</lines>
<first_timestamp>null</first_timestamp>
<last_timestamp>null</last_timestamp>
<sampling_rows_first>-1</sampling_rows_first>
<sampling_rows_last>-1</sampling_rows_last>
<date_pattern>null</date_pattern>
<sample_size>-1</sample_size>
<use_df_only>false</use_df_only>
<keep_header_lines>0</keep_header_lines>
</file>
<file>
<file_name>/u01/app/grid/diag/crs/aupp-hroradb-f9exx1/crs/trace/osysmond.trc</file_name>
<file_type>null</file_type>
<size>4462416</size>
<database></database>
<cluster>null</cluster>
<instance></instance>
<component>CRS</component>
<base_directory>/u01/app/grid/diag/crs/aupp-hroradb-f9exx1/crs/trace</base_directory>
<last_modified>Wed Oct 28 19:39:25 UTC 2020</last_modified>
<hostname>aupp-hroradb-f9exx1</hostname>
<lines>0</lines>
<first_timestamp>null</first_timestamp>
<last_timestamp>null</last_timestamp>
<sampling_rows_first>-1</sampling_rows_first>
<sampling_rows_last>-1</sampling_rows_last>
<date_pattern>null</date_pattern>
<sample_size>-1</sample_size>
<use_df_only>false</use_df_only>
<keep_header_lines>0</keep_header_lines>
</file>
<file>
<file_name>/u02/app/oracle/diag/rdbms/prd_iad3vt/PRD1/trace/PRD1_tmon_42775.trc</file_name>
<file_type>null</file_type>
<size>101168320</size>
<database>prd_iad3vt</database>
<cluster>null</cluster>
<instance>PRD1</instance>
<component>RDBMS</component>
<base_directory>/u02/app/oracle/diag/rdbms/prd_iad3vt/PRD1/trace</base_directory>
<last_modified>Wed Oct 28 19:38:52 UTC 2020</last_modified>
<hostname>aupp-hroradb-f9exx1</hostname>
<lines>0</lines>
<first_timestamp>null</first_timestamp>
<last_timestamp>null</last_timestamp>
<sampling_rows_first>-1</sampling_rows_first>
<sampling_rows_last>-1</sampling_rows_last>
<date_pattern>null</date_pattern>
<sample_size>-1</sample_size>
<use_df_only>false</use_df_only>
<keep_header_lines>0</keep_header_lines>
</file>
<file>
<file_name>/var/log/exadatatmp/_ExaWatcher_rds_ping_my_connects_stcennoc_ym_gnip_sdr_rehctaWaxE</file_name>
<file_type>null</file_type>
<size>15393</size>
<database></database>
<cluster>null</cluster>
<instance></instance>
<component>OS</component>
<base_directory>/var/log</base_directory>
<last_modified>Wed Oct 28 19:38:39 UTC 2020</last_modified>
<hostname>aupp-hroradb-f9exx1</hostname>
<lines>0</lines>
<first_timestamp>null</first_timestamp>
<last_timestamp>null</last_timestamp>
<sampling_rows_first>-1</sampling_rows_first>
<sampling_rows_last>-1</sampling_rows_last>
<date_pattern>null</date_pattern>
<sample_size>-1</sample_size>
<use_df_only>false</use_df_only>
<keep_header_lines>0</keep_header_lines>
</file>
<file>
<file_name>/var/log/exadatatmp/cellirqbalance-interrupts.out</file_name>
<file_type>null</file_type>
<size>4802</size>
<database></database>
<cluster>null</cluster>
<instance></instance>
<component>OS</component>
<base_directory>/var/log</base_directory>
<last_modified>Wed Oct 28 19:39:04 UTC 2020</last_modified>
<hostname>aupp-hroradb-f9exx1</hostname>
<lines>0</lines>
<first_timestamp>null</first_timestamp>
<last_timestamp>null</last_timestamp>
<sampling_rows_first>-1</sampling_rows_first>
<sampling_rows_last>-1</sampling_rows_last>
<date_pattern>null</date_pattern>
<sample_size>-1</sample_size>
<use_df_only>false</use_df_only>
<keep_header_lines>0</keep_header_lines>
</file>
<file>
<file_name>/var/log/oracle/deploy/wls_gc34394.trc.4.current</file_name>
<file_type>null</file_type>
<size>17094</size>
<database></database>
<cluster>null</cluster>
<instance></instance>
<component>OS</component>
<base_directory>/var/log</base_directory>
<last_modified>Wed Oct 28 19:39:06 UTC 2020</last_modified>
<hostname>aupp-hroradb-f9exx1</hostname>
<lines>0</lines>
<first_timestamp>null</first_timestamp>
<last_timestamp>null</last_timestamp>
<sampling_rows_first>-1</sampling_rows_first>
<sampling_rows_last>-1</sampling_rows_last>
<date_pattern>null</date_pattern>
<sample_size>-1</sample_size>
<use_df_only>false</use_df_only>
<keep_header_lines>0</keep_header_lines>
</file>
<file>
<file_name>/var/log/oracle/diag/asm/dbserver/aupp-hroradb-f9exx1/trace/rstrc_33785_mmt.trc</file_name>
<file_type>null</file_type>
<size>30698</size>
<database></database>
<cluster>null</cluster>
<instance></instance>
<component>OS</component>
<base_directory>/var/log</base_directory>
<last_modified>Wed Oct 28 19:37:54 UTC 2020</last_modified>
<hostname>aupp-hroradb-f9exx1</hostname>
<lines>0</lines>
<first_timestamp>null</first_timestamp>
<last_timestamp>null</last_timestamp>
<sampling_rows_first>-1</sampling_rows_first>
<sampling_rows_last>-1</sampling_rows_last>
<date_pattern>null</date_pattern>
<sample_size>-1</sample_size>
<use_df_only>false</use_df_only>
<keep_header_lines>0</keep_header_lines>
</file>
<file>
<file_name>/var/log/uptrack.log</file_name>
<file_type>null</file_type>
<size>2072184</size>
<database></database>
<cluster>null</cluster>
<instance></instance>
<component>OS</component>
<base_directory>/var/log</base_directory>
<last_modified>Wed Oct 28 19:15:28 UTC 2020</last_modified>
<hostname>aupp-hroradb-f9exx1</hostname>
<lines>0</lines>
<first_timestamp>null</first_timestamp>
<last_timestamp>null</last_timestamp>
<sampling_rows_first>-1</sampling_rows_first>
<sampling_rows_last>-1</sampling_rows_last>
<date_pattern>null</date_pattern>
<sample_size>-1</sample_size>
<use_df_only>false</use_df_only>
<keep_header_lines>0</keep_header_lines>
</file>
</files>