<?xml version="1.0" encoding="UTF-8"?><gpnp:GPnP-Profile Version="1.0" xmlns="http://www.grid-pnp.org/2005/11/gpnp-profile" xmlns:gpnp="http://www.grid-pnp.org/2005/11/gpnp-profile" xmlns:orcl="http://www.oracle.com/gpnp/2005/11/gpnp-profile" xmlns:xsi="http://www.w3.org/2001/XMLSchema-instance" xsi:schemaLocation="http://www.grid-pnp.org/2005/11/gpnp-profile gpnp-profile.xsd" ProfileSequence="5" ClusterUId="5578dc12d7816fbdff821aba8c7f0b3c" ClusterName="cl-s2ymuyrq-103" PALocation=""><gpnp:Network-Profile><gpnp:HostNetwork id="gen" HostName="*"><gpnp:Network id="net1" IP="10.21.32.0" Adapter="bondeth0" Use="public"/><gpnp:Network id="net2" IP="192.168.132.0" Adapter="clib0" Use="asm,cluster_interconnect"/><gpnp:Network id="net3" IP="192.168.132.0" Adapter="clib1" Use="asm,cluster_interconnect"/></gpnp:HostNetwork></gpnp:Network-Profile><orcl:CSS-Profile id="css" DiscoveryString="+asm" LeaseDuration="400"/><orcl:ASM-Profile id="asm" DiscoveryString="o/*/DATAC1_*,o/*/RECOC1_*,/dev/exadata_quorum/*" SPFile="+DATAC1/cl-s2ymuyrq-103/ASMPARAMETERFILE/registry.253.1045672877" Mode="remote" Extended="false"/><ds:Signature xmlns:ds="http://www.w3.org/2000/09/xmldsig#"><ds:SignedInfo><ds:CanonicalizationMethod Algorithm="http://www.w3.org/2001/10/xml-exc-c14n#"/><ds:SignatureMethod Algorithm="http://www.w3.org/2000/09/xmldsig#rsa-sha1"/><ds:Reference URI=""><ds:Transforms><ds:Transform Algorithm="http://www.w3.org/2000/09/xmldsig#enveloped-signature"/><ds:Transform Algorithm="http://www.w3.org/2001/10/xml-exc-c14n#"> <InclusiveNamespaces xmlns="http://www.w3.org/2001/10/xml-exc-c14n#" PrefixList="gpnp orcl xsi"/></ds:Transform></ds:Transforms><ds:DigestMethod Algorithm="http://www.w3.org/2000/09/xmldsig#sha1"/><ds:DigestValue>mLiwvNccbvupIDxUPKss8EmaeZA=</ds:DigestValue></ds:Reference></ds:SignedInfo><ds:SignatureValue>F6L8oC4ASpeVmgHhjkhpwIJlzcByCAXCOB/9zCeukubQpmQvrxfzYV5aC1N/he5Dnq3iQTkTGvKwCvpBsSUwPT2gHLgnDq5ihKODDdmO2qcwxWBmkCZlms97htScL55nZs89s9UWg6OA+Cgbu2z/HPflpmsGvOpaAdmunwLxmXE=</ds:SignatureValue></ds:Signature></gpnp:GPnP-Profile>