<files>
<CRS_TZ>UTC</CRS_TZ>
<session_TZ>UTC</session_TZ>
<system_TZ>Coordinated Universal Time</system_TZ>
<file>
<file_name>/u01/app/grid/diag/crs/aupp-hroradb-f9exx1/crs/trace/alert.log</file_name>
<file_type>CRS Alert Log</file_type>
<size>197487</size>
<database></database>
<cluster>null</cluster>
<instance></instance>
<component>CRS</component>
<base_directory>/u01/app/grid/diag/crs/aupp-hroradb-f9exx1/crs/trace</base_directory>
<last_modified>Wed Oct 28 02:27:51 UTC 2020</last_modified>
<hostname>aupp-hroradb-f9exx1</hostname>
<lines>976</lines>
<first_timestamp>Mon Jul 13 16:37:09 UTC 2020</first_timestamp>
<last_timestamp>Wed Oct 28 02:27:51 UTC 2020</last_timestamp>
<sampling_rows_first>1</sampling_rows_first>
<sampling_rows_last>-1</sampling_rows_last>
<date_pattern>\d{4}-\d{2}-\d{2}\s\d{2}:\d{2}:\d{2}\.\d{3}</date_pattern>
<sample_size>-1</sample_size>
<use_df_only>false</use_df_only>
<keep_header_lines>0</keep_header_lines>
</file>
<file>
<file_name>/u01/app/grid/diag/crs/aupp-hroradb-f9exx1/crs/trace/crsd.trc</file_name>
<file_type>CRSD Log</file_type>
<size>21857101</size>
<database></database>
<cluster>null</cluster>
<instance></instance>
<component>CRS</component>
<base_directory>/u01/app/grid/diag/crs/aupp-hroradb-f9exx1/crs/trace</base_directory>
<last_modified>Wed Nov 04 14:10:02 UTC 2020</last_modified>
<hostname>aupp-hroradb-f9exx1</hostname>
<lines>1000</lines>
<first_timestamp>Tue Nov 03 03:44:41 UTC 2020</first_timestamp>
<last_timestamp>Wed Nov 04 14:10:02 UTC 2020</last_timestamp>
<sampling_rows_first>5</sampling_rows_first>
<sampling_rows_last>-1</sampling_rows_last>
<date_pattern>\d{4}-\d{2}-\d{2}\s\d{2}:\d{2}:\d{2}</date_pattern>
<sample_size>-1</sample_size>
<use_df_only>false</use_df_only>
<keep_header_lines>0</keep_header_lines>
</file>
<file>
<file_name>/u01/app/grid/diag/crs/aupp-hroradb-f9exx1/crs/trace/crsd_oraagent_grid.trc</file_name>
<file_type>CRSD User Agent Log</file_type>
<size>21944383</size>
<database></database>
<cluster>null</cluster>
<instance></instance>
<component>CRS</component>
<base_directory>/u01/app/grid/diag/crs/aupp-hroradb-f9exx1/crs/trace</base_directory>
<last_modified>Wed Nov 04 14:10:08 UTC 2020</last_modified>
<hostname>aupp-hroradb-f9exx1</hostname>
<lines>1000</lines>
<first_timestamp>Tue Nov 03 03:32:46 UTC 2020</first_timestamp>
<last_timestamp>Wed Nov 04 14:10:08 UTC 2020</last_timestamp>
<sampling_rows_first>5</sampling_rows_first>
<sampling_rows_last>-1</sampling_rows_last>
<date_pattern>\d{4}-\d{2}-\d{2}\s\d{2}:\d{2}:\d{2}</date_pattern>
<sample_size>-1</sample_size>
<use_df_only>false</use_df_only>
<keep_header_lines>0</keep_header_lines>
</file>
<file>
<file_name>/u01/app/grid/diag/crs/aupp-hroradb-f9exx1/crs/trace/crsd_oraagent_oracle.trc</file_name>
<file_type>CRSD User Agent Log</file_type>
<size>317093</size>
<database></database>
<cluster>null</cluster>
<instance></instance>
<component>CRS</component>
<base_directory>/u01/app/grid/diag/crs/aupp-hroradb-f9exx1/crs/trace</base_directory>
<last_modified>Wed Nov 04 14:10:08 UTC 2020</last_modified>
<hostname>aupp-hroradb-f9exx1</hostname>
<lines>1000</lines>
<first_timestamp>Wed Nov 04 13:57:17 UTC 2020</first_timestamp>
<last_timestamp>Wed Nov 04 14:10:08 UTC 2020</last_timestamp>
<sampling_rows_first>6</sampling_rows_first>
<sampling_rows_last>-1</sampling_rows_last>
<date_pattern>\d{4}-\d{2}-\d{2}\s\d{2}:\d{2}:\d{2}</date_pattern>
<sample_size>-1</sample_size>
<use_df_only>false</use_df_only>
<keep_header_lines>0</keep_header_lines>
</file>
<file>
<file_name>/u01/app/grid/diag/crs/aupp-hroradb-f9exx1/crs/trace/crsd_oraagent_oracle_37.trc</file_name>
<file_type>CRSD User Agent Log</file_type>
<size>26215342</size>
<database></database>
<cluster>null</cluster>
<instance></instance>
<component>CRS</component>
<base_directory>/u01/app/grid/diag/crs/aupp-hroradb-f9exx1/crs/trace</base_directory>
<last_modified>Wed Nov 04 13:57:17 UTC 2020</last_modified>
<hostname>aupp-hroradb-f9exx1</hostname>
<lines>1000</lines>
<first_timestamp>Tue Nov 03 20:09:00 UTC 2020</first_timestamp>
<last_timestamp>Wed Nov 04 13:57:17 UTC 2020</last_timestamp>
<sampling_rows_first>5</sampling_rows_first>
<sampling_rows_last>-1</sampling_rows_last>
<date_pattern>\d{4}-\d{2}-\d{2}\s\d{2}:\d{2}:\d{2}</date_pattern>
<sample_size>-1</sample_size>
<use_df_only>false</use_df_only>
<keep_header_lines>0</keep_header_lines>
</file>
<file>
<file_name>/u01/app/grid/diag/crs/aupp-hroradb-f9exx1/crs/trace/crsd_orarootagent_root.trc</file_name>
<file_type>CRSD Root Agent Log</file_type>
<size>532746</size>
<database></database>
<cluster>null</cluster>
<instance></instance>
<component>CRS</component>
<base_directory>/u01/app/grid/diag/crs/aupp-hroradb-f9exx1/crs/trace</base_directory>
<last_modified>Wed Nov 04 14:10:03 UTC 2020</last_modified>
<hostname>aupp-hroradb-f9exx1</hostname>
<lines>1000</lines>
<first_timestamp>Tue Nov 03 03:59:03 UTC 2020</first_timestamp>
<last_timestamp>Wed Nov 04 14:10:03 UTC 2020</last_timestamp>
<sampling_rows_first>5</sampling_rows_first>
<sampling_rows_last>-1</sampling_rows_last>
<date_pattern>\d{4}-\d{2}-\d{2}\s\d{2}:\d{2}:\d{2}</date_pattern>
<sample_size>-1</sample_size>
<use_df_only>false</use_df_only>
<keep_header_lines>0</keep_header_lines>
</file>
<file>
<file_name>/u01/app/grid/diag/crs/aupp-hroradb-f9exx1/crs/trace/diskmon.trc</file_name>
<file_type>DISKMON log</file_type>
<size>20690428</size>
<database></database>
<cluster>null</cluster>
<instance></instance>
<component>CRS</component>
<base_directory>/u01/app/grid/diag/crs/aupp-hroradb-f9exx1/crs/trace</base_directory>
<last_modified>Wed Nov 04 14:10:07 UTC 2020</last_modified>
<hostname>aupp-hroradb-f9exx1</hostname>
<lines>1000</lines>
<first_timestamp>Wed Oct 28 23:46:57 UTC 2020</first_timestamp>
<last_timestamp>Wed Nov 04 14:10:07 UTC 2020</last_timestamp>
<sampling_rows_first>5</sampling_rows_first>
<sampling_rows_last>-1</sampling_rows_last>
<date_pattern>\d{4}-\d{2}-\d{2}\s\d{2}:\d{2}:\d{2}\.\d{3}</date_pattern>
<sample_size>-1</sample_size>
<use_df_only>false</use_df_only>
<keep_header_lines>0</keep_header_lines>
</file>
<file>
<file_name>/u01/app/grid/diag/crs/aupp-hroradb-f9exx1/crs/trace/evmd.trc</file_name>
<file_type>EVMD Log</file_type>
<size>11102147</size>
<database></database>
<cluster>null</cluster>
<instance></instance>
<component>CRS</component>
<base_directory>/u01/app/grid/diag/crs/aupp-hroradb-f9exx1/crs/trace</base_directory>
<last_modified>Wed Nov 04 14:10:01 UTC 2020</last_modified>
<hostname>aupp-hroradb-f9exx1</hostname>
<lines>1000</lines>
<first_timestamp>Sat Oct 24 14:51:24 UTC 2020</first_timestamp>
<last_timestamp>Wed Nov 04 14:10:01 UTC 2020</last_timestamp>
<sampling_rows_first>5</sampling_rows_first>
<sampling_rows_last>-1</sampling_rows_last>
<date_pattern>\d{4}-\d{2}-\d{2}\s\d{2}:\d{2}:\d{2}</date_pattern>
<sample_size>-1</sample_size>
<use_df_only>false</use_df_only>
<keep_header_lines>0</keep_header_lines>
</file>
<file>
<file_name>/u01/app/grid/diag/crs/aupp-hroradb-f9exx1/crs/trace/gipcd.trc</file_name>
<file_type>GIPCD Log</file_type>
<size>20182801</size>
<database></database>
<cluster>null</cluster>
<instance></instance>
<component>CRS</component>
<base_directory>/u01/app/grid/diag/crs/aupp-hroradb-f9exx1/crs/trace</base_directory>
<last_modified>Wed Nov 04 14:10:05 UTC 2020</last_modified>
<hostname>aupp-hroradb-f9exx1</hostname>
<lines>1000</lines>
<first_timestamp>Mon Nov 02 16:30:12 UTC 2020</first_timestamp>
<last_timestamp>Wed Nov 04 14:10:05 UTC 2020</last_timestamp>
<sampling_rows_first>5</sampling_rows_first>
<sampling_rows_last>-1</sampling_rows_last>
<date_pattern>\d{4}-\d{2}-\d{2}\s\d{2}:\d{2}:\d{2}</date_pattern>
<sample_size>-1</sample_size>
<use_df_only>false</use_df_only>
<keep_header_lines>0</keep_header_lines>
</file>
<file>
<file_name>/u01/app/grid/diag/crs/aupp-hroradb-f9exx1/crs/trace/gpnpd.trc</file_name>
<file_type>GPNPD Log</file_type>
<size>157510</size>
<database></database>
<cluster>null</cluster>
<instance></instance>
<component>CRS</component>
<base_directory>/u01/app/grid/diag/crs/aupp-hroradb-f9exx1/crs/trace</base_directory>
<last_modified>Wed Nov 04 14:10:06 UTC 2020</last_modified>
<hostname>aupp-hroradb-f9exx1</hostname>
<lines>1000</lines>
<first_timestamp>Wed Nov 04 04:35:06 UTC 2020</first_timestamp>
<last_timestamp>Wed Nov 04 14:10:06 UTC 2020</last_timestamp>
<sampling_rows_first>5</sampling_rows_first>
<sampling_rows_last>-1</sampling_rows_last>
<date_pattern>\d{4}-\d{2}-\d{2}\s\d{2}:\d{2}:\d{2}</date_pattern>
<sample_size>-1</sample_size>
<use_df_only>false</use_df_only>
<keep_header_lines>0</keep_header_lines>
</file>
<file>
<file_name>/u01/app/grid/diag/crs/aupp-hroradb-f9exx1/crs/trace/ocssd.trc</file_name>
<file_type>CSS (ocssd) Log</file_type>
<size>38728876</size>
<database></database>
<cluster>null</cluster>
<instance></instance>
<component>CRS</component>
<base_directory>/u01/app/grid/diag/crs/aupp-hroradb-f9exx1/crs/trace</base_directory>
<last_modified>Wed Nov 04 14:10:07 UTC 2020</last_modified>
<hostname>aupp-hroradb-f9exx1</hostname>
<lines>1000</lines>
<first_timestamp>Wed Nov 04 00:40:44 UTC 2020</first_timestamp>
<last_timestamp>Wed Nov 04 14:10:07 UTC 2020</last_timestamp>
<sampling_rows_first>5</sampling_rows_first>
<sampling_rows_last>-1</sampling_rows_last>
<date_pattern>\d{4}-\d{2}-\d{2}\s\d{2}:\d{2}:\d{2}</date_pattern>
<sample_size>-1</sample_size>
<use_df_only>false</use_df_only>
<keep_header_lines>0</keep_header_lines>
</file>
<file>
<file_name>/u01/app/grid/diag/crs/aupp-hroradb-f9exx1/crs/trace/octssd.trc</file_name>
<file_type>CTSSD Log</file_type>
<size>20533853</size>
<database></database>
<cluster>null</cluster>
<instance></instance>
<component>CRS</component>
<base_directory>/u01/app/grid/diag/crs/aupp-hroradb-f9exx1/crs/trace</base_directory>
<last_modified>Wed Nov 04 14:10:07 UTC 2020</last_modified>
<hostname>aupp-hroradb-f9exx1</hostname>
<lines>1000</lines>
<first_timestamp>Tue Nov 03 02:45:34 UTC 2020</first_timestamp>
<last_timestamp>Wed Nov 04 14:10:07 UTC 2020</last_timestamp>
<sampling_rows_first>5</sampling_rows_first>
<sampling_rows_last>-1</sampling_rows_last>
<date_pattern>\d{4}-\d{2}-\d{2}\s\d{2}:\d{2}:\d{2}</date_pattern>
<sample_size>-1</sample_size>
<use_df_only>false</use_df_only>
<keep_header_lines>0</keep_header_lines>
</file>
<file>
<file_name>/u01/app/grid/diag/crs/aupp-hroradb-f9exx1/crs/trace/ohasd.trc</file_name>
<file_type>OHASD Log</file_type>
<size>8590539</size>
<database></database>
<cluster>null</cluster>
<instance></instance>
<component>CRS</component>
<base_directory>/u01/app/grid/diag/crs/aupp-hroradb-f9exx1/crs/trace</base_directory>
<last_modified>Wed Nov 04 14:09:58 UTC 2020</last_modified>
<hostname>aupp-hroradb-f9exx1</hostname>
<lines>1000</lines>
<first_timestamp>Tue Nov 03 10:28:28 UTC 2020</first_timestamp>
<last_timestamp>Wed Nov 04 14:09:58 UTC 2020</last_timestamp>
<sampling_rows_first>5</sampling_rows_first>
<sampling_rows_last>-1</sampling_rows_last>
<date_pattern>\d{4}-\d{2}-\d{2}\s\d{2}:\d{2}:\d{2}</date_pattern>
<sample_size>-1</sample_size>
<use_df_only>false</use_df_only>
<keep_header_lines>0</keep_header_lines>
</file>
<file>
<file_name>/u01/app/grid/diag/crs/aupp-hroradb-f9exx1/crs/trace/ohasd_cssdagent_root.trc</file_name>
<file_type>CSSD Agent Log (OHASD)</file_type>
<size>9006700</size>
<database></database>
<cluster>null</cluster>
<instance></instance>
<component>CRS</component>
<base_directory>/u01/app/grid/diag/crs/aupp-hroradb-f9exx1/crs/trace</base_directory>
<last_modified>Wed Nov 04 14:09:52 UTC 2020</last_modified>
<hostname>aupp-hroradb-f9exx1</hostname>
<lines>1000</lines>
<first_timestamp>Mon Oct 19 01:32:18 UTC 2020</first_timestamp>
<last_timestamp>Wed Nov 04 14:09:52 UTC 2020</last_timestamp>
<sampling_rows_first>5</sampling_rows_first>
<sampling_rows_last>-1</sampling_rows_last>
<date_pattern>\d{4}-\d{2}-\d{2}\s\d{2}:\d{2}:\d{2}</date_pattern>
<sample_size>-1</sample_size>
<use_df_only>false</use_df_only>
<keep_header_lines>0</keep_header_lines>
</file>
<file>
<file_name>/u01/app/grid/diag/crs/aupp-hroradb-f9exx1/crs/trace/ohasd_cssdmonitor_root.trc</file_name>
<file_type>CSSD Monitor Log (OHASD)</file_type>
<size>8545523</size>
<database></database>
<cluster>null</cluster>
<instance></instance>
<component>CRS</component>
<base_directory>/u01/app/grid/diag/crs/aupp-hroradb-f9exx1/crs/trace</base_directory>
<last_modified>Wed Nov 04 14:09:11 UTC 2020</last_modified>
<hostname>aupp-hroradb-f9exx1</hostname>
<lines>1000</lines>
<first_timestamp>Mon Oct 19 18:46:07 UTC 2020</first_timestamp>
<last_timestamp>Wed Nov 04 14:09:11 UTC 2020</last_timestamp>
<sampling_rows_first>5</sampling_rows_first>
<sampling_rows_last>-1</sampling_rows_last>
<date_pattern>\d{4}-\d{2}-\d{2}\s\d{2}:\d{2}:\d{2}</date_pattern>
<sample_size>-1</sample_size>
<use_df_only>false</use_df_only>
<keep_header_lines>0</keep_header_lines>
</file>
<file>
<file_name>/u01/app/grid/diag/crs/aupp-hroradb-f9exx1/crs/trace/ohasd_oraagent_grid.trc</file_name>
<file_type>OHASD User Agent Log</file_type>
<size>25806027</size>
<database></database>
<cluster>null</cluster>
<instance></instance>
<component>CRS</component>
<base_directory>/u01/app/grid/diag/crs/aupp-hroradb-f9exx1/crs/trace</base_directory>
<last_modified>Wed Nov 04 14:10:08 UTC 2020</last_modified>
<hostname>aupp-hroradb-f9exx1</hostname>
<lines>1000</lines>
<first_timestamp>Wed Nov 04 01:26:03 UTC 2020</first_timestamp>
<last_timestamp>Wed Nov 04 14:10:08 UTC 2020</last_timestamp>
<sampling_rows_first>5</sampling_rows_first>
<sampling_rows_last>-1</sampling_rows_last>
<date_pattern>\d{4}-\d{2}-\d{2}\s\d{2}:\d{2}:\d{2}</date_pattern>
<sample_size>-1</sample_size>
<use_df_only>false</use_df_only>
<keep_header_lines>0</keep_header_lines>
</file>
<file>
<file_name>/u01/app/grid/diag/crs/aupp-hroradb-f9exx1/crs/trace/ohasd_orarootagent_root.trc</file_name>
<file_type>OHASD Root Agent Log</file_type>
<size>6408681</size>
<database></database>
<cluster>null</cluster>
<instance></instance>
<component>CRS</component>
<base_directory>/u01/app/grid/diag/crs/aupp-hroradb-f9exx1/crs/trace</base_directory>
<last_modified>Wed Nov 04 14:10:07 UTC 2020</last_modified>
<hostname>aupp-hroradb-f9exx1</hostname>
<lines>1000</lines>
<first_timestamp>Wed Nov 04 06:17:34 UTC 2020</first_timestamp>
<last_timestamp>Wed Nov 04 14:10:07 UTC 2020</last_timestamp>
<sampling_rows_first>5</sampling_rows_first>
<sampling_rows_last>-1</sampling_rows_last>
<date_pattern>\d{4}-\d{2}-\d{2}\s\d{2}:\d{2}:\d{2}</date_pattern>
<sample_size>-1</sample_size>
<use_df_only>false</use_df_only>
<keep_header_lines>0</keep_header_lines>
</file>
<file>
<file_name>/home/oracle/oswbb/archive/oswpidstat/aupp-hroradb-f9exx1_pidstat_20.11.04.0700.dat</file_name>
<file_type>null</file_type>
<size>491201</size>
<database></database>
<cluster>null</cluster>
<instance></instance>
<component>OS</component>
<base_directory>/home/oracle/oswbb/archive</base_directory>
<last_modified>Wed Nov 04 13:58:17 UTC 2020</last_modified>
<hostname>aupp-hroradb-f9exx1</hostname>
<lines>0</lines>
<first_timestamp>null</first_timestamp>
<last_timestamp>null</last_timestamp>
<sampling_rows_first>-1</sampling_rows_first>
<sampling_rows_last>-1</sampling_rows_last>
<date_pattern>null</date_pattern>
<sample_size>-1</sample_size>
<use_df_only>false</use_df_only>
<keep_header_lines>0</keep_header_lines>
</file>
<file>
<file_name>/home/oracle/oswbb/archive/oswpidstat/aupp-hroradb-f9exx1_pidstat_20.11.04.0800.dat</file_name>
<file_type>null</file_type>
<size>64752</size>
<database></database>
<cluster>null</cluster>
<instance></instance>
<component>OS</component>
<base_directory>/home/oracle/oswbb/archive</base_directory>
<last_modified>Wed Nov 04 14:08:17 UTC 2020</last_modified>
<hostname>aupp-hroradb-f9exx1</hostname>
<lines>0</lines>
<first_timestamp>null</first_timestamp>
<last_timestamp>null</last_timestamp>
<sampling_rows_first>-1</sampling_rows_first>
<sampling_rows_last>-1</sampling_rows_last>
<date_pattern>null</date_pattern>
<sample_size>-1</sample_size>
<use_df_only>false</use_df_only>
<keep_header_lines>0</keep_header_lines>
</file>
<file>
<file_name>/home/oracle/oswbb/archive/oswpidstatd/aupp-hroradb-f9exx1_pidstatd_20.11.04.0700.dat</file_name>
<file_type>null</file_type>
<size>12047</size>
<database></database>
<cluster>null</cluster>
<instance></instance>
<component>OS</component>
<base_directory>/home/oracle/oswbb/archive</base_directory>
<last_modified>Wed Nov 04 13:58:17 UTC 2020</last_modified>
<hostname>aupp-hroradb-f9exx1</hostname>
<lines>0</lines>
<first_timestamp>null</first_timestamp>
<last_timestamp>null</last_timestamp>
<sampling_rows_first>-1</sampling_rows_first>
<sampling_rows_last>-1</sampling_rows_last>
<date_pattern>null</date_pattern>
<sample_size>-1</sample_size>
<use_df_only>false</use_df_only>
<keep_header_lines>0</keep_header_lines>
</file>
<file>
<file_name>/home/oracle/oswbb/archive/oswpidstatd/aupp-hroradb-f9exx1_pidstatd_20.11.04.0800.dat</file_name>
<file_type>null</file_type>
<size>2347</size>
<database></database>
<cluster>null</cluster>
<instance></instance>
<component>OS</component>
<base_directory>/home/oracle/oswbb/archive</base_directory>
<last_modified>Wed Nov 04 14:08:17 UTC 2020</last_modified>
<hostname>aupp-hroradb-f9exx1</hostname>
<lines>0</lines>
<first_timestamp>null</first_timestamp>
<last_timestamp>null</last_timestamp>
<sampling_rows_first>-1</sampling_rows_first>
<sampling_rows_last>-1</sampling_rows_last>
<date_pattern>null</date_pattern>
<sample_size>-1</sample_size>
<use_df_only>false</use_df_only>
<keep_header_lines>0</keep_header_lines>
</file>
<file>
<file_name>/u01/app/grid/crsdata/aupp-hroradb-f9exx1/crf/db/json/jsondump.log</file_name>
<file_type>null</file_type>
<size>1387368</size>
<database></database>
<cluster>null</cluster>
<instance></instance>
<component>CRS</component>
<base_directory>/u01/app/grid/crsdata/aupp-hroradb-f9exx1/crf</base_directory>
<last_modified>Wed Nov 04 14:09:21 UTC 2020</last_modified>
<hostname>aupp-hroradb-f9exx1</hostname>
<lines>0</lines>
<first_timestamp>null</first_timestamp>
<last_timestamp>null</last_timestamp>
<sampling_rows_first>-1</sampling_rows_first>
<sampling_rows_last>-1</sampling_rows_last>
<date_pattern>null</date_pattern>
<sample_size>-1</sample_size>
<use_df_only>false</use_df_only>
<keep_header_lines>0</keep_header_lines>
</file>
<file>
<file_name>/u01/app/grid/crsdata/aupp-hroradb-f9exx1/crf/db/proc/procdump.log</file_name>
<file_type>null</file_type>
<size>4257107</size>
<database></database>
<cluster>null</cluster>
<instance></instance>
<component>CRS</component>
<base_directory>/u01/app/grid/crsdata/aupp-hroradb-f9exx1/crf</base_directory>
<last_modified>Wed Nov 04 14:09:55 UTC 2020</last_modified>
<hostname>aupp-hroradb-f9exx1</hostname>
<lines>0</lines>
<first_timestamp>null</first_timestamp>
<last_timestamp>null</last_timestamp>
<sampling_rows_first>-1</sampling_rows_first>
<sampling_rows_last>-1</sampling_rows_last>
<date_pattern>null</date_pattern>
<sample_size>-1</sample_size>
<use_df_only>false</use_df_only>
<keep_header_lines>0</keep_header_lines>
</file>
<file>
<file_name>/u01/app/grid/diag/crs/aupp-hroradb-f9exx1/crs/trace/osysmond.trc</file_name>
<file_type>null</file_type>
<size>19625382</size>
<database></database>
<cluster>null</cluster>
<instance></instance>
<component>CRS</component>
<base_directory>/u01/app/grid/diag/crs/aupp-hroradb-f9exx1/crs/trace</base_directory>
<last_modified>Wed Nov 04 14:10:05 UTC 2020</last_modified>
<hostname>aupp-hroradb-f9exx1</hostname>
<lines>0</lines>
<first_timestamp>null</first_timestamp>
<last_timestamp>null</last_timestamp>
<sampling_rows_first>-1</sampling_rows_first>
<sampling_rows_last>-1</sampling_rows_last>
<date_pattern>null</date_pattern>
<sample_size>-1</sample_size>
<use_df_only>false</use_df_only>
<keep_header_lines>0</keep_header_lines>
</file>
<file>
<file_name>/u02/app/oracle/diag/rdbms/prd_iad3vt/PRD1/trace/PRD1_tmon_42775.trc</file_name>
<file_type>null</file_type>
<size>165052155</size>
<database>prd_iad3vt</database>
<cluster>null</cluster>
<instance>PRD1</instance>
<component>RDBMS</component>
<base_directory>/u02/app/oracle/diag/rdbms/prd_iad3vt/PRD1/trace</base_directory>
<last_modified>Wed Nov 04 14:09:50 UTC 2020</last_modified>
<hostname>aupp-hroradb-f9exx1</hostname>
<lines>0</lines>
<first_timestamp>null</first_timestamp>
<last_timestamp>null</last_timestamp>
<sampling_rows_first>-1</sampling_rows_first>
<sampling_rows_last>-1</sampling_rows_last>
<date_pattern>null</date_pattern>
<sample_size>-1</sample_size>
<use_df_only>false</use_df_only>
<keep_header_lines>0</keep_header_lines>
</file>
<file>
<file_name>/var/log/exadatatmp/_ExaWatcher_rds_ping_my_connects_stcennoc_ym_gnip_sdr_rehctaWaxE</file_name>
<file_type>null</file_type>
<size>15393</size>
<database></database>
<cluster>null</cluster>
<instance></instance>
<component>OS</component>
<base_directory>/var/log</base_directory>
<last_modified>Wed Nov 04 14:08:48 UTC 2020</last_modified>
<hostname>aupp-hroradb-f9exx1</hostname>
<lines>0</lines>
<first_timestamp>null</first_timestamp>
<last_timestamp>null</last_timestamp>
<sampling_rows_first>-1</sampling_rows_first>
<sampling_rows_last>-1</sampling_rows_last>
<date_pattern>null</date_pattern>
<sample_size>-1</sample_size>
<use_df_only>false</use_df_only>
<keep_header_lines>0</keep_header_lines>
</file>
<file>
<file_name>/var/log/exadatatmp/cellirqbalance-interrupts.out</file_name>
<file_type>null</file_type>
<size>4802</size>
<database></database>
<cluster>null</cluster>
<instance></instance>
<component>OS</component>
<base_directory>/var/log</base_directory>
<last_modified>Wed Nov 04 14:09:27 UTC 2020</last_modified>
<hostname>aupp-hroradb-f9exx1</hostname>
<lines>0</lines>
<first_timestamp>null</first_timestamp>
<last_timestamp>null</last_timestamp>
<sampling_rows_first>-1</sampling_rows_first>
<sampling_rows_last>-1</sampling_rows_last>
<date_pattern>null</date_pattern>
<sample_size>-1</sample_size>
<use_df_only>false</use_df_only>
<keep_header_lines>0</keep_header_lines>
</file>
<file>
<file_name>/var/log/oracle/deploy/wls_gc34394.trc.0.current</file_name>
<file_type>null</file_type>
<size>6678</size>
<database></database>
<cluster>null</cluster>
<instance></instance>
<component>OS</component>
<base_directory>/var/log</base_directory>
<last_modified>Wed Nov 04 14:10:22 UTC 2020</last_modified>
<hostname>aupp-hroradb-f9exx1</hostname>
<lines>0</lines>
<first_timestamp>null</first_timestamp>
<last_timestamp>null</last_timestamp>
<sampling_rows_first>-1</sampling_rows_first>
<sampling_rows_last>-1</sampling_rows_last>
<date_pattern>null</date_pattern>
<sample_size>-1</sample_size>
<use_df_only>false</use_df_only>
<keep_header_lines>0</keep_header_lines>
</file>
<file>
<file_name>/var/log/oracle/deploy/wls_gc34394.trc.4</file_name>
<file_type>null</file_type>
<size>102534</size>
<database></database>
<cluster>null</cluster>
<instance></instance>
<component>OS</component>
<base_directory>/var/log</base_directory>
<last_modified>Wed Nov 04 13:48:23 UTC 2020</last_modified>
<hostname>aupp-hroradb-f9exx1</hostname>
<lines>0</lines>
<first_timestamp>null</first_timestamp>
<last_timestamp>null</last_timestamp>
<sampling_rows_first>-1</sampling_rows_first>
<sampling_rows_last>-1</sampling_rows_last>
<date_pattern>null</date_pattern>
<sample_size>-1</sample_size>
<use_df_only>false</use_df_only>
<keep_header_lines>0</keep_header_lines>
</file>
<file>
<file_name>/var/log/oracle/diag/asm/dbserver/aupp-hroradb-f9exx1/trace/rstrc_33785_mmt.trc</file_name>
<file_type>null</file_type>
<size>393398</size>
<database></database>
<cluster>null</cluster>
<instance></instance>
<component>OS</component>
<base_directory>/var/log</base_directory>
<last_modified>Wed Nov 04 14:08:55 UTC 2020</last_modified>
<hostname>aupp-hroradb-f9exx1</hostname>
<lines>0</lines>
<first_timestamp>null</first_timestamp>
<last_timestamp>null</last_timestamp>
<sampling_rows_first>-1</sampling_rows_first>
<sampling_rows_last>-1</sampling_rows_last>
<date_pattern>null</date_pattern>
<sample_size>-1</sample_size>
<use_df_only>false</use_df_only>
<keep_header_lines>0</keep_header_lines>
</file>
<file>
<file_name>/var/log/uptrack.log</file_name>
<file_type>null</file_type>
<size>2199928</size>
<database></database>
<cluster>null</cluster>
<instance></instance>
<component>OS</component>
<base_directory>/var/log</base_directory>
<last_modified>Wed Nov 04 13:45:27 UTC 2020</last_modified>
<hostname>aupp-hroradb-f9exx1</hostname>
<lines>0</lines>
<first_timestamp>null</first_timestamp>
<last_timestamp>null</last_timestamp>
<sampling_rows_first>-1</sampling_rows_first>
<sampling_rows_last>-1</sampling_rows_last>
<date_pattern>null</date_pattern>
<sample_size>-1</sample_size>
<use_df_only>false</use_df_only>
<keep_header_lines>0</keep_header_lines>
</file>
</files>