<files>
<CRS_TZ>UTC</CRS_TZ>
<session_TZ>UTC</session_TZ>
<system_TZ>Coordinated Universal Time</system_TZ>
<file>
<file_name>/u01/app/grid/diag/crs/aupp-hroradb-f9exx2/crs/trace/alert.log</file_name>
<file_type>CRS Alert Log</file_type>
<size>226497</size>
<database></database>
<cluster>null</cluster>
<instance></instance>
<component>CRS</component>
<base_directory>/u01/app/grid/diag/crs/aupp-hroradb-f9exx2/crs/trace</base_directory>
<last_modified>Tue Oct 27 17:58:05 UTC 2020</last_modified>
<hostname>aupp-hroradb-f9exx2</hostname>
<lines>1000</lines>
<first_timestamp>Mon Jul 13 16:48:32 UTC 2020</first_timestamp>
<last_timestamp>Tue Oct 27 12:58:05 UTC 2020</last_timestamp>
<sampling_rows_first>1</sampling_rows_first>
<sampling_rows_last>-1</sampling_rows_last>
<date_pattern>\d{4}-\d{2}-\d{2}\s\d{2}:\d{2}:\d{2}\.\d{3}</date_pattern>
<sample_size>-1</sample_size>
<use_df_only>false</use_df_only>
<keep_header_lines>0</keep_header_lines>
</file>
<file>
<file_name>/u01/app/grid/diag/crs/aupp-hroradb-f9exx2/crs/trace/crsd.trc</file_name>
<file_type>CRSD Log</file_type>
<size>1233550</size>
<database></database>
<cluster>null</cluster>
<instance></instance>
<component>CRS</component>
<base_directory>/u01/app/grid/diag/crs/aupp-hroradb-f9exx2/crs/trace</base_directory>
<last_modified>Tue Oct 27 20:47:24 UTC 2020</last_modified>
<hostname>aupp-hroradb-f9exx2</hostname>
<lines>1000</lines>
<first_timestamp>Tue Oct 27 20:08:02 UTC 2020</first_timestamp>
<last_timestamp>Tue Oct 27 20:47:24 UTC 2020</last_timestamp>
<sampling_rows_first>5</sampling_rows_first>
<sampling_rows_last>-1</sampling_rows_last>
<date_pattern>\d{4}-\d{2}-\d{2}\s\d{2}:\d{2}:\d{2}</date_pattern>
<sample_size>-1</sample_size>
<use_df_only>false</use_df_only>
<keep_header_lines>0</keep_header_lines>
</file>
<file>
<file_name>/u01/app/grid/diag/crs/aupp-hroradb-f9exx2/crs/trace/crsd_53.trc</file_name>
<file_type>CRSD Log</file_type>
<size>26215376</size>
<database></database>
<cluster>null</cluster>
<instance></instance>
<component>CRS</component>
<base_directory>/u01/app/grid/diag/crs/aupp-hroradb-f9exx2/crs/trace</base_directory>
<last_modified>Tue Oct 27 20:08:02 UTC 2020</last_modified>
<hostname>aupp-hroradb-f9exx2</hostname>
<lines>1000</lines>
<first_timestamp>Tue Oct 27 02:58:48 UTC 2020</first_timestamp>
<last_timestamp>Tue Oct 27 20:08:02 UTC 2020</last_timestamp>
<sampling_rows_first>5</sampling_rows_first>
<sampling_rows_last>-1</sampling_rows_last>
<date_pattern>\d{4}-\d{2}-\d{2}\s\d{2}:\d{2}:\d{2}</date_pattern>
<sample_size>-1</sample_size>
<use_df_only>false</use_df_only>
<keep_header_lines>0</keep_header_lines>
</file>
<file>
<file_name>/u01/app/grid/diag/crs/aupp-hroradb-f9exx2/crs/trace/crsd_jagent_grid.trc</file_name>
<file_type>CRSD JAgent Log/Trace_copy</file_type>
<size>839941</size>
<database></database>
<cluster>null</cluster>
<instance></instance>
<component>CRS</component>
<base_directory>/u01/app/grid/diag/crs/aupp-hroradb-f9exx2/crs/trace</base_directory>
<last_modified>Tue Oct 27 20:47:16 UTC 2020</last_modified>
<hostname>aupp-hroradb-f9exx2</hostname>
<lines>1000</lines>
<first_timestamp>Tue Oct 27 06:34:15 UTC 2020</first_timestamp>
<last_timestamp>Tue Oct 27 20:47:16 UTC 2020</last_timestamp>
<sampling_rows_first>5</sampling_rows_first>
<sampling_rows_last>-1</sampling_rows_last>
<date_pattern>\d{4}-\d{2}-\d{2}\s\d{2}:\d{2}:\d{2}\.\d{3}</date_pattern>
<sample_size>-1</sample_size>
<use_df_only>false</use_df_only>
<keep_header_lines>0</keep_header_lines>
</file>
<file>
<file_name>/u01/app/grid/diag/crs/aupp-hroradb-f9exx2/crs/trace/crsd_oraagent_grid.trc</file_name>
<file_type>CRSD User Agent Log</file_type>
<size>16279916</size>
<database></database>
<cluster>null</cluster>
<instance></instance>
<component>CRS</component>
<base_directory>/u01/app/grid/diag/crs/aupp-hroradb-f9exx2/crs/trace</base_directory>
<last_modified>Tue Oct 27 20:47:24 UTC 2020</last_modified>
<hostname>aupp-hroradb-f9exx2</hostname>
<lines>1000</lines>
<first_timestamp>Mon Oct 26 18:30:13 UTC 2020</first_timestamp>
<last_timestamp>Tue Oct 27 20:47:24 UTC 2020</last_timestamp>
<sampling_rows_first>5</sampling_rows_first>
<sampling_rows_last>-1</sampling_rows_last>
<date_pattern>\d{4}-\d{2}-\d{2}\s\d{2}:\d{2}:\d{2}</date_pattern>
<sample_size>-1</sample_size>
<use_df_only>false</use_df_only>
<keep_header_lines>0</keep_header_lines>
</file>
<file>
<file_name>/u01/app/grid/diag/crs/aupp-hroradb-f9exx2/crs/trace/crsd_oraagent_oracle.trc</file_name>
<file_type>CRSD User Agent Log</file_type>
<size>21290990</size>
<database></database>
<cluster>null</cluster>
<instance></instance>
<component>CRS</component>
<base_directory>/u01/app/grid/diag/crs/aupp-hroradb-f9exx2/crs/trace</base_directory>
<last_modified>Tue Oct 27 20:47:21 UTC 2020</last_modified>
<hostname>aupp-hroradb-f9exx2</hostname>
<lines>1000</lines>
<first_timestamp>Tue Oct 27 07:13:59 UTC 2020</first_timestamp>
<last_timestamp>Tue Oct 27 20:47:21 UTC 2020</last_timestamp>
<sampling_rows_first>5</sampling_rows_first>
<sampling_rows_last>-1</sampling_rows_last>
<date_pattern>\d{4}-\d{2}-\d{2}\s\d{2}:\d{2}:\d{2}</date_pattern>
<sample_size>-1</sample_size>
<use_df_only>false</use_df_only>
<keep_header_lines>0</keep_header_lines>
</file>
<file>
<file_name>/u01/app/grid/diag/crs/aupp-hroradb-f9exx2/crs/trace/crsd_orarootagent_root.trc</file_name>
<file_type>CRSD Root Agent Log</file_type>
<size>16399231</size>
<database></database>
<cluster>null</cluster>
<instance></instance>
<component>CRS</component>
<base_directory>/u01/app/grid/diag/crs/aupp-hroradb-f9exx2/crs/trace</base_directory>
<last_modified>Tue Oct 27 20:47:13 UTC 2020</last_modified>
<hostname>aupp-hroradb-f9exx2</hostname>
<lines>1000</lines>
<first_timestamp>Tue Sep 15 14:55:38 UTC 2020</first_timestamp>
<last_timestamp>Tue Oct 27 20:47:13 UTC 2020</last_timestamp>
<sampling_rows_first>5</sampling_rows_first>
<sampling_rows_last>-1</sampling_rows_last>
<date_pattern>\d{4}-\d{2}-\d{2}\s\d{2}:\d{2}:\d{2}</date_pattern>
<sample_size>-1</sample_size>
<use_df_only>false</use_df_only>
<keep_header_lines>0</keep_header_lines>
</file>
<file>
<file_name>/u01/app/grid/diag/crs/aupp-hroradb-f9exx2/crs/trace/diskmon.trc</file_name>
<file_type>DISKMON log</file_type>
<size>15247299</size>
<database></database>
<cluster>null</cluster>
<instance></instance>
<component>CRS</component>
<base_directory>/u01/app/grid/diag/crs/aupp-hroradb-f9exx2/crs/trace</base_directory>
<last_modified>Tue Oct 27 20:47:23 UTC 2020</last_modified>
<hostname>aupp-hroradb-f9exx2</hostname>
<lines>1000</lines>
<first_timestamp>Thu Oct 22 21:36:05 UTC 2020</first_timestamp>
<last_timestamp>Tue Oct 27 20:47:23 UTC 2020</last_timestamp>
<sampling_rows_first>5</sampling_rows_first>
<sampling_rows_last>-1</sampling_rows_last>
<date_pattern>\d{4}-\d{2}-\d{2}\s\d{2}:\d{2}:\d{2}\.\d{3}</date_pattern>
<sample_size>-1</sample_size>
<use_df_only>false</use_df_only>
<keep_header_lines>0</keep_header_lines>
</file>
<file>
<file_name>/u01/app/grid/diag/crs/aupp-hroradb-f9exx2/crs/trace/evmd.trc</file_name>
<file_type>EVMD Log</file_type>
<size>2974014</size>
<database></database>
<cluster>null</cluster>
<instance></instance>
<component>CRS</component>
<base_directory>/u01/app/grid/diag/crs/aupp-hroradb-f9exx2/crs/trace</base_directory>
<last_modified>Tue Oct 27 20:47:22 UTC 2020</last_modified>
<hostname>aupp-hroradb-f9exx2</hostname>
<lines>1000</lines>
<first_timestamp>Sat Oct 24 21:46:51 UTC 2020</first_timestamp>
<last_timestamp>Tue Oct 27 20:47:22 UTC 2020</last_timestamp>
<sampling_rows_first>5</sampling_rows_first>
<sampling_rows_last>-1</sampling_rows_last>
<date_pattern>\d{4}-\d{2}-\d{2}\s\d{2}:\d{2}:\d{2}</date_pattern>
<sample_size>-1</sample_size>
<use_df_only>false</use_df_only>
<keep_header_lines>0</keep_header_lines>
</file>
<file>
<file_name>/u01/app/grid/diag/crs/aupp-hroradb-f9exx2/crs/trace/gipcd.trc</file_name>
<file_type>GIPCD Log</file_type>
<size>5322692</size>
<database></database>
<cluster>null</cluster>
<instance></instance>
<component>CRS</component>
<base_directory>/u01/app/grid/diag/crs/aupp-hroradb-f9exx2/crs/trace</base_directory>
<last_modified>Tue Oct 27 20:47:09 UTC 2020</last_modified>
<hostname>aupp-hroradb-f9exx2</hostname>
<lines>1000</lines>
<first_timestamp>Tue Oct 27 08:44:35 UTC 2020</first_timestamp>
<last_timestamp>Tue Oct 27 20:47:09 UTC 2020</last_timestamp>
<sampling_rows_first>5</sampling_rows_first>
<sampling_rows_last>-1</sampling_rows_last>
<date_pattern>\d{4}-\d{2}-\d{2}\s\d{2}:\d{2}:\d{2}</date_pattern>
<sample_size>-1</sample_size>
<use_df_only>false</use_df_only>
<keep_header_lines>0</keep_header_lines>
</file>
<file>
<file_name>/u01/app/grid/diag/crs/aupp-hroradb-f9exx2/crs/trace/gpnpd.trc</file_name>
<file_type>GPNPD Log</file_type>
<size>21386003</size>
<database></database>
<cluster>null</cluster>
<instance></instance>
<component>CRS</component>
<base_directory>/u01/app/grid/diag/crs/aupp-hroradb-f9exx2/crs/trace</base_directory>
<last_modified>Tue Oct 27 20:47:14 UTC 2020</last_modified>
<hostname>aupp-hroradb-f9exx2</hostname>
<lines>1000</lines>
<first_timestamp>Sun Sep 13 03:16:23 UTC 2020</first_timestamp>
<last_timestamp>Tue Oct 27 20:47:14 UTC 2020</last_timestamp>
<sampling_rows_first>5</sampling_rows_first>
<sampling_rows_last>-1</sampling_rows_last>
<date_pattern>\d{4}-\d{2}-\d{2}\s\d{2}:\d{2}:\d{2}</date_pattern>
<sample_size>-1</sample_size>
<use_df_only>false</use_df_only>
<keep_header_lines>0</keep_header_lines>
</file>
<file>
<file_name>/u01/app/grid/diag/crs/aupp-hroradb-f9exx2/crs/trace/ocssd.trc</file_name>
<file_type>CSS (ocssd) Log</file_type>
<size>46970615</size>
<database></database>
<cluster>null</cluster>
<instance></instance>
<component>CRS</component>
<base_directory>/u01/app/grid/diag/crs/aupp-hroradb-f9exx2/crs/trace</base_directory>
<last_modified>Tue Oct 27 20:47:24 UTC 2020</last_modified>
<hostname>aupp-hroradb-f9exx2</hostname>
<lines>1000</lines>
<first_timestamp>Tue Oct 27 09:26:26 UTC 2020</first_timestamp>
<last_timestamp>Tue Oct 27 20:47:24 UTC 2020</last_timestamp>
<sampling_rows_first>5</sampling_rows_first>
<sampling_rows_last>-1</sampling_rows_last>
<date_pattern>\d{4}-\d{2}-\d{2}\s\d{2}:\d{2}:\d{2}</date_pattern>
<sample_size>-1</sample_size>
<use_df_only>false</use_df_only>
<keep_header_lines>0</keep_header_lines>
</file>
<file>
<file_name>/u01/app/grid/diag/crs/aupp-hroradb-f9exx2/crs/trace/octssd.trc</file_name>
<file_type>CTSSD Log</file_type>
<size>7232267</size>
<database></database>
<cluster>null</cluster>
<instance></instance>
<component>CRS</component>
<base_directory>/u01/app/grid/diag/crs/aupp-hroradb-f9exx2/crs/trace</base_directory>
<last_modified>Tue Oct 27 20:47:23 UTC 2020</last_modified>
<hostname>aupp-hroradb-f9exx2</hostname>
<lines>1000</lines>
<first_timestamp>Sun Oct 25 00:52:34 UTC 2020</first_timestamp>
<last_timestamp>Tue Oct 27 20:47:23 UTC 2020</last_timestamp>
<sampling_rows_first>5</sampling_rows_first>
<sampling_rows_last>-1</sampling_rows_last>
<date_pattern>\d{4}-\d{2}-\d{2}\s\d{2}:\d{2}:\d{2}</date_pattern>
<sample_size>-1</sample_size>
<use_df_only>false</use_df_only>
<keep_header_lines>0</keep_header_lines>
</file>
<file>
<file_name>/u01/app/grid/diag/crs/aupp-hroradb-f9exx2/crs/trace/ohasd.trc</file_name>
<file_type>OHASD Log</file_type>
<size>16043535</size>
<database></database>
<cluster>null</cluster>
<instance></instance>
<component>CRS</component>
<base_directory>/u01/app/grid/diag/crs/aupp-hroradb-f9exx2/crs/trace</base_directory>
<last_modified>Tue Oct 27 20:47:24 UTC 2020</last_modified>
<hostname>aupp-hroradb-f9exx2</hostname>
<lines>1000</lines>
<first_timestamp>Sun Oct 25 18:57:56 UTC 2020</first_timestamp>
<last_timestamp>Tue Oct 27 20:47:24 UTC 2020</last_timestamp>
<sampling_rows_first>5</sampling_rows_first>
<sampling_rows_last>-1</sampling_rows_last>
<date_pattern>\d{4}-\d{2}-\d{2}\s\d{2}:\d{2}:\d{2}</date_pattern>
<sample_size>-1</sample_size>
<use_df_only>false</use_df_only>
<keep_header_lines>0</keep_header_lines>
</file>
<file>
<file_name>/u01/app/grid/diag/crs/aupp-hroradb-f9exx2/crs/trace/ohasd_cssdagent_root.trc</file_name>
<file_type>CSSD Agent Log (OHASD)</file_type>
<size>3727064</size>
<database></database>
<cluster>null</cluster>
<instance></instance>
<component>CRS</component>
<base_directory>/u01/app/grid/diag/crs/aupp-hroradb-f9exx2/crs/trace</base_directory>
<last_modified>Tue Oct 27 20:47:02 UTC 2020</last_modified>
<hostname>aupp-hroradb-f9exx2</hostname>
<lines>1000</lines>
<first_timestamp>Tue Oct 20 23:37:00 UTC 2020</first_timestamp>
<last_timestamp>Tue Oct 27 20:47:02 UTC 2020</last_timestamp>
<sampling_rows_first>5</sampling_rows_first>
<sampling_rows_last>-1</sampling_rows_last>
<date_pattern>\d{4}-\d{2}-\d{2}\s\d{2}:\d{2}:\d{2}</date_pattern>
<sample_size>-1</sample_size>
<use_df_only>false</use_df_only>
<keep_header_lines>0</keep_header_lines>
</file>
<file>
<file_name>/u01/app/grid/diag/crs/aupp-hroradb-f9exx2/crs/trace/ohasd_cssdmonitor_root.trc</file_name>
<file_type>CSSD Monitor Log (OHASD)</file_type>
<size>2884138</size>
<database></database>
<cluster>null</cluster>
<instance></instance>
<component>CRS</component>
<base_directory>/u01/app/grid/diag/crs/aupp-hroradb-f9exx2/crs/trace</base_directory>
<last_modified>Tue Oct 27 20:47:20 UTC 2020</last_modified>
<hostname>aupp-hroradb-f9exx2</hostname>
<lines>1000</lines>
<first_timestamp>Thu Oct 22 11:10:49 UTC 2020</first_timestamp>
<last_timestamp>Tue Oct 27 20:47:20 UTC 2020</last_timestamp>
<sampling_rows_first>5</sampling_rows_first>
<sampling_rows_last>-1</sampling_rows_last>
<date_pattern>\d{4}-\d{2}-\d{2}\s\d{2}:\d{2}:\d{2}</date_pattern>
<sample_size>-1</sample_size>
<use_df_only>false</use_df_only>
<keep_header_lines>0</keep_header_lines>
</file>
<file>
<file_name>/u01/app/grid/diag/crs/aupp-hroradb-f9exx2/crs/trace/ohasd_oraagent_grid.trc</file_name>
<file_type>OHASD User Agent Log</file_type>
<size>14421169</size>
<database></database>
<cluster>null</cluster>
<instance></instance>
<component>CRS</component>
<base_directory>/u01/app/grid/diag/crs/aupp-hroradb-f9exx2/crs/trace</base_directory>
<last_modified>Tue Oct 27 20:47:24 UTC 2020</last_modified>
<hostname>aupp-hroradb-f9exx2</hostname>
<lines>1000</lines>
<first_timestamp>Tue Oct 27 13:58:21 UTC 2020</first_timestamp>
<last_timestamp>Tue Oct 27 20:47:24 UTC 2020</last_timestamp>
<sampling_rows_first>5</sampling_rows_first>
<sampling_rows_last>-1</sampling_rows_last>
<date_pattern>\d{4}-\d{2}-\d{2}\s\d{2}:\d{2}:\d{2}</date_pattern>
<sample_size>-1</sample_size>
<use_df_only>false</use_df_only>
<keep_header_lines>0</keep_header_lines>
</file>
<file>
<file_name>/u01/app/grid/diag/crs/aupp-hroradb-f9exx2/crs/trace/ohasd_orarootagent_root.trc</file_name>
<file_type>OHASD Root Agent Log</file_type>
<size>21621573</size>
<database></database>
<cluster>null</cluster>
<instance></instance>
<component>CRS</component>
<base_directory>/u01/app/grid/diag/crs/aupp-hroradb-f9exx2/crs/trace</base_directory>
<last_modified>Tue Oct 27 20:47:23 UTC 2020</last_modified>
<hostname>aupp-hroradb-f9exx2</hostname>
<lines>1000</lines>
<first_timestamp>Mon Oct 26 18:54:22 UTC 2020</first_timestamp>
<last_timestamp>Tue Oct 27 20:47:23 UTC 2020</last_timestamp>
<sampling_rows_first>5</sampling_rows_first>
<sampling_rows_last>-1</sampling_rows_last>
<date_pattern>\d{4}-\d{2}-\d{2}\s\d{2}:\d{2}:\d{2}</date_pattern>
<sample_size>-1</sample_size>
<use_df_only>false</use_df_only>
<keep_header_lines>0</keep_header_lines>
</file>
<file>
<file_name>/u01/app/grid/diag/crs/aupp-hroradb-f9exx2/crs/trace/ologgerd.trc</file_name>
<file_type>CRFLOGD (ologgerd) Log</file_type>
<size>24314154</size>
<database></database>
<cluster>null</cluster>
<instance></instance>
<component>CRS</component>
<base_directory>/u01/app/grid/diag/crs/aupp-hroradb-f9exx2/crs/trace</base_directory>
<last_modified>Tue Oct 27 20:47:23 UTC 2020</last_modified>
<hostname>aupp-hroradb-f9exx2</hostname>
<lines>1000</lines>
<first_timestamp>null</first_timestamp>
<last_timestamp>null</last_timestamp>
<sampling_rows_first>-1</sampling_rows_first>
<sampling_rows_last>-1</sampling_rows_last>
<date_pattern>null</date_pattern>
<sample_size>-1</sample_size>
<use_df_only>false</use_df_only>
<keep_header_lines>0</keep_header_lines>
</file>
<file>
<file_name>/u01/app/grid/diag/crs/aupp-hroradb-f9exx2/crs/trace/osysmond_9.trc</file_name>
<file_type>CRFMOND (osysmond) Log</file_type>
<size>26841404</size>
<database></database>
<cluster>null</cluster>
<instance></instance>
<component>CRS</component>
<base_directory>/u01/app/grid/diag/crs/aupp-hroradb-f9exx2/crs/trace</base_directory>
<last_modified>Tue Oct 27 20:44:43 UTC 2020</last_modified>
<hostname>aupp-hroradb-f9exx2</hostname>
<lines>1000</lines>
<first_timestamp>Tue Oct 06 15:41:20 UTC 2020</first_timestamp>
<last_timestamp>Tue Oct 27 20:44:43 UTC 2020</last_timestamp>
<sampling_rows_first>5</sampling_rows_first>
<sampling_rows_last>-1</sampling_rows_last>
<date_pattern>\d{4}-\d{2}-\d{2}\s\d{2}:\d{2}:\d{2}\.\d{3}</date_pattern>
<sample_size>-1</sample_size>
<use_df_only>false</use_df_only>
<keep_header_lines>0</keep_header_lines>
</file>
<file>
<file_name>/home/oracle/oswbb/archive/oswpidstat/aupp-hroradb-f9exx2_pidstat_20.10.27.1400.dat</file_name>
<file_type>null</file_type>
<size>352642</size>
<database></database>
<cluster>null</cluster>
<instance></instance>
<component>OS</component>
<base_directory>/home/oracle/oswbb/archive</base_directory>
<last_modified>Tue Oct 27 19:57:23 UTC 2020</last_modified>
<hostname>aupp-hroradb-f9exx2</hostname>
<lines>0</lines>
<first_timestamp>null</first_timestamp>
<last_timestamp>null</last_timestamp>
<sampling_rows_first>-1</sampling_rows_first>
<sampling_rows_last>-1</sampling_rows_last>
<date_pattern>null</date_pattern>
<sample_size>-1</sample_size>
<use_df_only>false</use_df_only>
<keep_header_lines>0</keep_header_lines>
</file>
<file>
<file_name>/home/oracle/oswbb/archive/oswpidstat/aupp-hroradb-f9exx2_pidstat_20.10.27.1500.dat</file_name>
<file_type>null</file_type>
<size>302814</size>
<database></database>
<cluster>null</cluster>
<instance></instance>
<component>OS</component>
<base_directory>/home/oracle/oswbb/archive</base_directory>
<last_modified>Tue Oct 27 20:47:23 UTC 2020</last_modified>
<hostname>aupp-hroradb-f9exx2</hostname>
<lines>0</lines>
<first_timestamp>null</first_timestamp>
<last_timestamp>null</last_timestamp>
<sampling_rows_first>-1</sampling_rows_first>
<sampling_rows_last>-1</sampling_rows_last>
<date_pattern>null</date_pattern>
<sample_size>-1</sample_size>
<use_df_only>false</use_df_only>
<keep_header_lines>0</keep_header_lines>
</file>
<file>
<file_name>/home/oracle/oswbb/archive/oswpidstatd/aupp-hroradb-f9exx2_pidstatd_20.10.27.1400.dat</file_name>
<file_type>null</file_type>
<size>13178</size>
<database></database>
<cluster>null</cluster>
<instance></instance>
<component>OS</component>
<base_directory>/home/oracle/oswbb/archive</base_directory>
<last_modified>Tue Oct 27 19:57:23 UTC 2020</last_modified>
<hostname>aupp-hroradb-f9exx2</hostname>
<lines>0</lines>
<first_timestamp>null</first_timestamp>
<last_timestamp>null</last_timestamp>
<sampling_rows_first>-1</sampling_rows_first>
<sampling_rows_last>-1</sampling_rows_last>
<date_pattern>null</date_pattern>
<sample_size>-1</sample_size>
<use_df_only>false</use_df_only>
<keep_header_lines>0</keep_header_lines>
</file>
<file>
<file_name>/home/oracle/oswbb/archive/oswpidstatd/aupp-hroradb-f9exx2_pidstatd_20.10.27.1500.dat</file_name>
<file_type>null</file_type>
<size>13117</size>
<database></database>
<cluster>null</cluster>
<instance></instance>
<component>OS</component>
<base_directory>/home/oracle/oswbb/archive</base_directory>
<last_modified>Tue Oct 27 20:47:23 UTC 2020</last_modified>
<hostname>aupp-hroradb-f9exx2</hostname>
<lines>0</lines>
<first_timestamp>null</first_timestamp>
<last_timestamp>null</last_timestamp>
<sampling_rows_first>-1</sampling_rows_first>
<sampling_rows_last>-1</sampling_rows_last>
<date_pattern>null</date_pattern>
<sample_size>-1</sample_size>
<use_df_only>false</use_df_only>
<keep_header_lines>0</keep_header_lines>
</file>
<file>
<file_name>/u01/app/grid/crsdata/aupp-hroradb-f9exx2/crf/db/json/jsondump.log</file_name>
<file_type>null</file_type>
<size>9608038</size>
<database></database>
<cluster>null</cluster>
<instance></instance>
<component>CRS</component>
<base_directory>/u01/app/grid/crsdata/aupp-hroradb-f9exx2/crf</base_directory>
<last_modified>Tue Oct 27 20:47:06 UTC 2020</last_modified>
<hostname>aupp-hroradb-f9exx2</hostname>
<lines>0</lines>
<first_timestamp>null</first_timestamp>
<last_timestamp>null</last_timestamp>
<sampling_rows_first>-1</sampling_rows_first>
<sampling_rows_last>-1</sampling_rows_last>
<date_pattern>null</date_pattern>
<sample_size>-1</sample_size>
<use_df_only>false</use_df_only>
<keep_header_lines>0</keep_header_lines>
</file>
<file>
<file_name>/u01/app/grid/crsdata/aupp-hroradb-f9exx2/crf/db/proc/procdump.log</file_name>
<file_type>null</file_type>
<size>8178742</size>
<database></database>
<cluster>null</cluster>
<instance></instance>
<component>CRS</component>
<base_directory>/u01/app/grid/crsdata/aupp-hroradb-f9exx2/crf</base_directory>
<last_modified>Tue Oct 27 20:46:40 UTC 2020</last_modified>
<hostname>aupp-hroradb-f9exx2</hostname>
<lines>0</lines>
<first_timestamp>null</first_timestamp>
<last_timestamp>null</last_timestamp>
<sampling_rows_first>-1</sampling_rows_first>
<sampling_rows_last>-1</sampling_rows_last>
<date_pattern>null</date_pattern>
<sample_size>-1</sample_size>
<use_df_only>false</use_df_only>
<keep_header_lines>0</keep_header_lines>
</file>
<file>
<file_name>/u01/app/grid/diag/crs/aupp-hroradb-f9exx2/crs/trace/osysmond.trc</file_name>
<file_type>null</file_type>
<size>19470685</size>
<database></database>
<cluster>null</cluster>
<instance></instance>
<component>CRS</component>
<base_directory>/u01/app/grid/diag/crs/aupp-hroradb-f9exx2/crs/trace</base_directory>
<last_modified>Tue Oct 27 20:47:20 UTC 2020</last_modified>
<hostname>aupp-hroradb-f9exx2</hostname>
<lines>0</lines>
<first_timestamp>null</first_timestamp>
<last_timestamp>null</last_timestamp>
<sampling_rows_first>-1</sampling_rows_first>
<sampling_rows_last>-1</sampling_rows_last>
<date_pattern>null</date_pattern>
<sample_size>-1</sample_size>
<use_df_only>false</use_df_only>
<keep_header_lines>0</keep_header_lines>
</file>
<file>
<file_name>/u02/app/oracle/diag/rdbms/prd_iad3vt/PRD2/trace/PRD2_tmon_213996.trc</file_name>
<file_type>null</file_type>
<size>92491848</size>
<database>prd_iad3vt</database>
<cluster>null</cluster>
<instance>PRD2</instance>
<component>RDBMS</component>
<base_directory>/u02/app/oracle/diag/rdbms/prd_iad3vt/PRD2/trace</base_directory>
<last_modified>Tue Oct 27 20:46:56 UTC 2020</last_modified>
<hostname>aupp-hroradb-f9exx2</hostname>
<lines>0</lines>
<first_timestamp>null</first_timestamp>
<last_timestamp>null</last_timestamp>
<sampling_rows_first>-1</sampling_rows_first>
<sampling_rows_last>-1</sampling_rows_last>
<date_pattern>null</date_pattern>
<sample_size>-1</sample_size>
<use_df_only>false</use_df_only>
<keep_header_lines>0</keep_header_lines>
</file>
<file>
<file_name>/var/log/exadatatmp/_ExaWatcher_rds_ping_my_connects_stcennoc_ym_gnip_sdr_rehctaWaxE</file_name>
<file_type>null</file_type>
<size>15393</size>
<database></database>
<cluster>null</cluster>
<instance></instance>
<component>OS</component>
<base_directory>/var/log</base_directory>
<last_modified>Tue Oct 27 20:46:54 UTC 2020</last_modified>
<hostname>aupp-hroradb-f9exx2</hostname>
<lines>0</lines>
<first_timestamp>null</first_timestamp>
<last_timestamp>null</last_timestamp>
<sampling_rows_first>-1</sampling_rows_first>
<sampling_rows_last>-1</sampling_rows_last>
<date_pattern>null</date_pattern>
<sample_size>-1</sample_size>
<use_df_only>false</use_df_only>
<keep_header_lines>0</keep_header_lines>
</file>
<file>
<file_name>/var/log/exadatatmp/cellirqbalance-interrupts.out</file_name>
<file_type>null</file_type>
<size>4802</size>
<database></database>
<cluster>null</cluster>
<instance></instance>
<component>OS</component>
<base_directory>/var/log</base_directory>
<last_modified>Tue Oct 27 20:46:40 UTC 2020</last_modified>
<hostname>aupp-hroradb-f9exx2</hostname>
<lines>0</lines>
<first_timestamp>null</first_timestamp>
<last_timestamp>null</last_timestamp>
<sampling_rows_first>-1</sampling_rows_first>
<sampling_rows_last>-1</sampling_rows_last>
<date_pattern>null</date_pattern>
<sample_size>-1</sample_size>
<use_df_only>false</use_df_only>
<keep_header_lines>0</keep_header_lines>
</file>
<file>
<file_name>/var/log/oracle/deploy/wls_gc34822.trc.2.current</file_name>
<file_type>null</file_type>
<size>47782</size>
<database></database>
<cluster>null</cluster>
<instance></instance>
<component>OS</component>
<base_directory>/var/log</base_directory>
<last_modified>Tue Oct 27 20:47:14 UTC 2020</last_modified>
<hostname>aupp-hroradb-f9exx2</hostname>
<lines>0</lines>
<first_timestamp>null</first_timestamp>
<last_timestamp>null</last_timestamp>
<sampling_rows_first>-1</sampling_rows_first>
<sampling_rows_last>-1</sampling_rows_last>
<date_pattern>null</date_pattern>
<sample_size>-1</sample_size>
<use_df_only>false</use_df_only>
<keep_header_lines>0</keep_header_lines>
</file>
<file>
<file_name>/var/log/oracle/diag/asm/dbserver/aupp-hroradb-f9exx2/trace/rstrc_34106_mmt.trc</file_name>
<file_type>null</file_type>
<size>1033517</size>
<database></database>
<cluster>null</cluster>
<instance></instance>
<component>OS</component>
<base_directory>/var/log</base_directory>
<last_modified>Tue Oct 27 20:44:55 UTC 2020</last_modified>
<hostname>aupp-hroradb-f9exx2</hostname>
<lines>0</lines>
<first_timestamp>null</first_timestamp>
<last_timestamp>null</last_timestamp>
<sampling_rows_first>-1</sampling_rows_first>
<sampling_rows_last>-1</sampling_rows_last>
<date_pattern>null</date_pattern>
<sample_size>-1</sample_size>
<use_df_only>false</use_df_only>
<keep_header_lines>0</keep_header_lines>
</file>
<file>
<file_name>/var/log/uptrack.log</file_name>
<file_type>null</file_type>
<size>1625248</size>
<database></database>
<cluster>null</cluster>
<instance></instance>
<component>OS</component>
<base_directory>/var/log</base_directory>
<last_modified>Tue Oct 27 20:45:38 UTC 2020</last_modified>
<hostname>aupp-hroradb-f9exx2</hostname>
<lines>0</lines>
<first_timestamp>null</first_timestamp>
<last_timestamp>null</last_timestamp>
<sampling_rows_first>-1</sampling_rows_first>
<sampling_rows_last>-1</sampling_rows_last>
<date_pattern>null</date_pattern>
<sample_size>-1</sample_size>
<use_df_only>false</use_df_only>
<keep_header_lines>0</keep_header_lines>
</file>
</files>