{
  "COMMAND" : "bswexadbp01-rlmu82_SRCFG",
  "DETAILS" : {
    "DATABASE" : {
      "DBAONLY_phx2ng" : {
        "INSTANCE" : {
          "DBAONLY2" : {
            "INSTANCE_HOSTNAME" : "bswexadbp01-rlmu82"
          },
          "DBAONLY1" : {
            "INSTANCE_HOSTNAME" : "bswexadbp01-rlmu81"
          }
        },
        "IN_COLLECTION" : "FALSE",
        "DB_HOME" : "/u02/app/oracle/product/12.2.0/dbhome_4"
      },
      "PS122PRD" : {
        "INSTANCE" : {
          "PS122PRD1" : {
            "INSTANCE_HOSTNAME" : "bswexadbp01-rlmu81"
          },
          "PS122PRD2" : {
            "INSTANCE_HOSTNAME" : "bswexadbp01-rlmu82"
          }
        },
        "IN_COLLECTION" : "FALSE",
        "DB_HOME" : "/u02/app/oracle/product/12.2.0/dbhome_2"
      },
      "BI121PRD_phx2z5" : {
        "INSTANCE" : {
          "BI121PRD2" : {
            "INSTANCE_HOSTNAME" : "bswexadbp01-rlmu82"
          },
          "BI121PRD1" : {
            "INSTANCE_HOSTNAME" : "bswexadbp01-rlmu81"
          }
        },
        "IN_COLLECTION" : "FALSE",
        "DB_HOME" : "/u02/app/oracle/product/12.1.0/dbhome_2"
      },
      "recov122_phx23j" : {
        "INSTANCE" : {
          "recov1221" : {
            "INSTANCE_HOSTNAME" : "bswexadbp01-rlmu81"
          }
        },
        "IN_COLLECTION" : "FALSE",
        "DB_HOME" : "/u02/app/oracle/product/12.2.0/dbhome_6"
      },
      "PS122ARC_phx2wt" : {
        "INSTANCE" : {
          "PS122ARC1" : {
            "INSTANCE_HOSTNAME" : "bswexadbp01-rlmu81"
          },
          "PS122ARC2" : {
            "INSTANCE_HOSTNAME" : "bswexadbp01-rlmu82"
          }
        },
        "IN_COLLECTION" : "FALSE",
        "DB_HOME" : "/u02/app/oracle/product/12.2.0/dbhome_3"
      }
    },
    "EXADATA_HARDWARE_VERSION" : "HVM domU",
    "CRS_ACTIVE_VERSION" : "18.0.0.0",
    "OS_PLATFORM" : "Linux",
    "EXADATA_CELL" : {
      "cell_name_unknown_1" : {
        "IN_COLLECTION" : "FALSE",
        "IP_ADDRESSES" : "192.168.136.2;192.168.136.3"
      },
      "cell_name_unknown_2" : {
        "IN_COLLECTION" : "FALSE",
        "IP_ADDRESSES" : "192.168.136.4;192.168.136.5"
      },
      "cell_name_unknown_3" : {
        "IN_COLLECTION" : "FALSE",
        "IP_ADDRESSES" : "192.168.136.6;192.168.136.7"
      }
    },
    "CRS_HOME" : "/u01/app/18.1.0.0/grid",
    "CLUSTER_NODE_COUNT" : 2,
    "OS_KERNEL" : "4.1.12-124.23.4.el7uek.x86_64",
    "EXADATA_CELL_COUNT" : 3,
    "CLUSTER_NODE_NAMES" : {
      "NODE_1" : "bswexadbp01-rlmu81",
      "NODE_2" : "bswexadbp01-rlmu82"
    },
    "TFA_VERSION" : 202300,
    "OS_PARAMETERS" : "file: bswexadbp01-rlmu82_os_report",
    "EXADATA_HARDWARE_SERIAL" : "74dcfe10-1540-441b-afe8-5ec494760c1d",
    "EXADATA_DB_NODE_VERSION_REVISION" : " 19.1.2.0.0.190306",
    "IS_EXADATA" : "YES",
    "CLUSTER_NAME" : "cl-dxmlpgha-05c",
    "DATABASE_HOME" : "file: bswexadbp01-rlmu82_OPATCH_DBHOMES",
    "OS_VERSION" : "Oracle Linux Server release 7.6"
  }
}
