<?xml version="1.0"?>

<!--  $Header: tfa/src/v2/tfa_home/resources/srdc_dbperf.xml /main/19 2020/05/29 05:30:52 xiaodowu Exp $ -->

<!-- 
 Copyright (c) 2016, 2020, Oracle and/or its affiliates. All rights reserved.

   NAME
     srdc_dbperf.xml 

   DESCRIPTION
     None

   NOTES
     None

   MODIFIED   (MM/DD/YY)
   xiaodowu    05/26/20 - Add Perf Hub report
   xiaodowu    02/03/20 - Add collection for logon/loggoff trigger ddl
   xiaodowu    07/26/19 - Add Statistics Advisor to the collection
   xiaodowu    06/26/19 - Implement OSCMD_ to enable auto discovery of command
                          path
   xiaodowu    03/15/19 - Implement TFA-4531: SRDC: Add Performance Hub to
                          dbperf collection
   xiaodowu    11/07/18 - Implement Enh 28513137 - POPULATE ALL CMDLINE IN
                          USER_INPUT FOR ALL SRDC XML FILES 
				    Enh 28894223 -
                          SRDC: ADD VALIDATE="DBRUNNING" TO DATABASE INPUT IN
                          ALL COLLECTIONS REQUIRING DATABASE LOGIN
   recornej    11/27/17 - Adding CHMOS
   recornej    08/15/17 - Change () and add special chars so they can be
                          parse
   recornej    06/29/17 - BUG 25985797 - SRDC AUTOMATION: ENHANCE DBPERF SRDC
                          TO INCLUDE OTHER COLLECTIONS
   bburton     05/25/17 - Do not run orachk on windows
   bburton     03/02/17 - add CRS for RAC env
   bburton     02/23/17 - new format
   manuegar    10/24/16 - manuegar_srdc_14.
   bburton     10/10/16 - fix not collecting osw
   bburton     09/22/16 - New prompts - No RDA
   manuegar    08/10/16 - srdc_11 enhancements.
   manuegar    07/12/16 - Prompt for the AWR duration for -srdc dbperf.
   manuegar    06/22/16 - Added USERINPUT-PERFORM_OK=1.
   manuegar    06/17/16 - Support labels in user_inputs.
   bburton     06/01/16 - Fix inputs
   bburton     05/18/16 - XML driver for DBPerf Issues
   bburton     05/18/16 - Creation

-->
<collections>
	<collection id="dbperf">
		<description>SRDC for database performance problems</description>
                <onevents>
                        <event>
                        </event>
                </onevents>
		<user_inputs>
			<user_input cmdline="database" default="" showprompt="1" setenv="REPLACE" validate="dbrunning" prompt="Enter the Database Name">USERINPUT-DATABASE_NAME=PRD_iad3vt</user_input>
			<user_input cmdline="" default="" showprompt="0" setenv="REPLACE" validate="" prompt="">USERINPUT-TFA_HOME=/opt/oracle.ahf/tfa</user_input>
			<user_input cmdline="LICENSE" default="" showprompt="1" setenv="NO" validate="" prompt="Do you have an AWR license? &#40;Refer to Doc 1490798.1 for more information &#41;">USERINPUT-LICENSE=DIAGNOSTIC+TUNING</user_input>
			<user_input cmdline="ISSUE_NOW" default="" showprompt="1" setenv="REPLACE" validate="" prompt="Do you have a performance issue now">USERINPUT-ISSUE_NOW=false</user_input>
			<user_input cmdline="AWR_DURATION" default="" showprompt="1" setenv="REPLACE" validate="" prompt="How many hours ago did the issue appear?">USERINPUT-AWR_DURATION</user_input>
			<user_input cmdline="from" default="" showprompt="1" setenv="REPLACE" validate="date" msg="Start time when the performance was bad: " prompt="Enter start time when the performance was bad">USERINPUT-EVENT_START_TIME=nov/02/2020 08:28:00</user_input>
			<user_input cmdline="to" default="" showprompt="1" setenv="REPLACE" validate="date" msg="Stop time when the performance was bad: " prompt="Enter stop time when the performance was bad">USERINPUT-EVENT_END_TIME=nov/02/2020 10:02:00</user_input>
			<user_input cmdline="PERFORM_OK" default="" showprompt="1" setenv="NO" validate="" prompt="For comparison, it is useful to gather data from another period with similar load where problems are not seen. Typically this is likely to be the same time period on a previous day. To compare to the same time period on a previous day enter the number of days ago you wish to use.">USERINPUT-PERFORM_OK=1</user_input>
			<user_input cmdline="baselinefrom" default="" showprompt="1" setenv="NO" validate="date" msg="Start time when the performance was good" prompt="Enter start time when the performance was good">USERINPUT-EVENT_BASELINE_START_TIME=Nov/01/2020 08:28:00</user_input>
			<user_input cmdline="baselineto" default="" showprompt="1" setenv="NO" validate="date" msg="Stop time when the performance was good" prompt="Enter stop time when the performance was good">USERINPUT-EVENT_BASELINE_END_TIME=Nov/01/2020 10:02:00</user_input>
			<user_input cmdline="SQL_FLAG" default="N" showprompt="1" setenv="NO" validate="(y|Y|n|N)" prompt="If any particular SQL causes the database to be slow?[Y|N] ">USERINPUT-SQL_FLAG=N</user_input>
			<user_input cmdline="SQLID" default="" showprompt="1" setenv="REPLACE" validate="" depinput="SQL_FLAG" deppattern="(y|Y)" prompt="Enter the SQL ID &#40;Refer to Doc 1627387.1 for more information on how to determine SQL_ID&#41; ">USERINPUT-SQLID</user_input>
			<user_input cmdline="SUGGESTION" default="" showprompt="1" setenv="REPLACE" validate="(y|Y|n|N)" depinput="SQL_FLAG" deppattern="(y|Y)" prompt="This collection would extract real data using Testcase Builder. LBREAKAcknowledged? [Y|N] ">USERINPUT-SUGGESTION</user_input>
		</user_inputs>
                <duration>1h</duration>
                <clusterwide>yes</clusterwide>
        <filter_files>
                <types>
                </types>
                <filter_file_patterns>
                    <filter_file_pattern>alert_.*\.log</filter_file_pattern>
                    <filter_file_pattern>trc</filter_file_pattern>
                    <filter_file_pattern>log</filter_file_pattern>
                    <filter_file_pattern>archive\/osw</filter_file_pattern>
                    <filter_file_pattern>ExaWatcher\/archive</filter_file_pattern>
                </filter_file_patterns>
        </filter_files>
                <components>
                        <component>CRS</component>
                        <component>DATABASE</component>
                        <component>CHMOS</component>
                        <component>OS</component>
                </components>
        <commands>
			<script type="TFADBPERF" name="awr_reports" timeout="120" validfor="" platform="" version=""> </script>
			<script type="CLUORACHK" name="orachk_dbperf" timeout="300" validfor="" platform="allux" version="">
            			tfactl orachk -silentforce -localonly -check 07A76669BB985B6CE05313C0E50ADA40,594E09A832BCC864E0401490CACF200D,59521689DCC5A370E0401490CACF688D,5DC9DADFC45FD615E0401490CACF5277,8690E492D46D1F7BE040E50A1EC0198A,C64DC7C5BDE823AFE0431EC0E50A0D19,CB05EC6DA5E3694BE0431EC0E50AA352,F723B279BA9218A5E04313C0E50A1B01,F723B279BA9B18A5E04313C0E50A1B01,F723F251083F31B5E04312C0E50A6BFB,F727CEE3C3A92E08E04312C0E50A7E8C,F7394F6EBAD73B84E04313C0E50A08FA
			</script>
			<script type="IPSPACK" name="ipspack" timeout="120" validfor="" platform="" version="">
			</script>
			<script type="SQLSCRIPT" name="srdc_db_lfsdiag.sql" timeout="120" validfor="" platform="" version="">
			</script>
			<script type="DB" name="srdc_sqlhc.sql" depinput="SQL_FLAG" deppattern="(y|Y)" timeout="300" validfor="" platform="" version="">
       				@%TFA_HOME%/resources/sql/sqlhc.sql T %SQLID%
			</script>
			<script type="DB" name="srdc_sqltc.sql" depinput="SQL_FLAG" deppattern="(y|Y)" timeout="300" validfor="" platform="" version="GTE-11.2.0.4">
        			create or replace directory srdc_exp_tc as '%CWD%';

				declare
  					tc_out clob;
  					v_dir VARCHAR2(20) := 'SRDC_EXP_TC';
				begin
   					dbms_sqldiag.export_sql_testcase(v_dir, sql_id=>'%SQLID%', exportMetadata=>TRUE, exportData=>FALSE, testcase=>tc_out);
				end;
        			/
			
				DROP DIRECTORY srdc_exp_tc;
			</script>
			<script type="DB" name="srdc_sqltc.sql" depinput="SQL_FLAG" deppattern="(y|Y)" timeout="300" validfor="" platform="" version="10.2.0.4,11.2.0.3">
				create or replace directory srdc_exp_tc as '%CWD%';

				declare
  					tc_out clob;
				begin
   					dbms_sqldiag.export_sql_testcase(directory=>'SRDC_EXP_TC', sql_id=>'%SQLID%', testcase => tc_out);
				end;
				/

				DROP DIRECTORY srdc_exp_tc;
			</script>
			<script type="DB" name="srdc_sql_monitor.sql" depinput="SQL_FLAG" deppattern="(y|Y)" timeout="300" validfor="" platform="" version="">
				SET LONG 1000000 
				SET FEEDBACK OFF
				spool monitor_sql_%SQLID%.html 
				SELECT DBMS_SQLTUNE.report_sql_monitor(sql_id =>'%SQLID%',type=> 'HTML') AS report FROM dual;
				spool off
			</script>
			<script type="OS" name="srdc_zip_tcbfiles" depinput="SQL_FLAG" deppattern="(y|Y)" timeout="300" validfor="" platform="" version="">
				OSCMD_zip srdc_tcb.zip %CWD%/oratcb*
				if [ $? == 0 ]
				then
					OSCMD_rm -r %CWD%/oratcb*
				fi
			</script>
			<script type="SQLSCRIPT" name="srdc_statsadvisor_report.sql" timeout="300" validfor="" platform="" version=""> </script>
			<script type="DB" name="collect_logon_logoff_triggers.sql" timeout="300" validfor="" platform="" version="">
				Set pagesize 0
				Set long 90000
				Set feedback off
				Set echo off
				Set heading off
				Set lines 100
				
				Select
   				DBMS_Metadata.Get_DDL('TRIGGER',t.trigger_name,t.owner)
				From
   				DBA_Triggers t
				Where
   				Triggering_Event in ('LOGON ', 'LOGOFF ');
			</script>
			<script type="OS" name="get_perfhub_report" timeout="120" validfor="" platform="allux" version="">
				<![CDATA[
				pid=$$
	
				if [ %ISSUE_NOW% == "false" ]
				then
					START=`OSCMD_echo %EVENT_START_TIME%|OSCMD_sed "s/jan/01/"|OSCMD_sed "s/feb/02/"|OSCMD_sed "s/mar/03/"|OSCMD_sed "s/apr/04/"|OSCMD_sed "s/may/05/"|OSCMD_sed "s/jun/06/"|OSCMD_sed "s/jul/07/"|OSCMD_sed "s/aug/08/"|OSCMD_sed "s/sep/09/"|OSCMD_sed "s/oct/10/"|OSCMD_sed "s/nov/11/"| OSCMD_sed "s/dec/12/"|OSCMD_sed 's/\//ZZeZZ/g'`
					END=`OSCMD_echo %EVENT_END_TIME%|OSCMD_sed "s/jan/01/"|OSCMD_sed "s/feb/02/"|OSCMD_sed "s/mar/03/"|OSCMD_sed "s/apr/04/"|OSCMD_sed "s/may/05/"|OSCMD_sed "s/jun/06/"|OSCMD_sed "s/jul/07/"|OSCMD_sed "s/aug/08/"|OSCMD_sed "s/sep/09/"|OSCMD_sed "s/oct/10/"|OSCMD_sed "s/nov/11/"| OSCMD_sed "s/dec/12/"|OSCMD_sed 's/\//ZZeZZ/g'`
				else
				 	gap=`OSCMD_echo %AWR_DURATION% |OSCMD_sed "s/h//"|OSCMD_awk '{print ($0-int($0)>0)?int($0)+1:int($0)}'`
                                	START=`OSCMD_date --date "$dte -$gap hours" +"%m/%d/%Y %H:%M:%S"|OSCMD_sed 's/\//ZZeZZ/g'`
                                	END=`OSCMD_date +"%m/%d/%Y %H:%M:%S"|OSCMD_sed 's/\//ZZeZZ/g'`
				fi
				%TFA_HOME%/resources/scripts/srdc_sql_accept_to_define.pl <$ORACLE_HOME/rdbms/admin/perfhubrpt.sql |OSCMD_sed "s/DEFINE selected_start_time=\"\&start_time\"/DEFINE selected_start_time=\"$START\"/" |OSCMD_sed "s/DEFINE selected_end_time=\"\&end_time\"/DEFINE selected_end_time=\"$END\"/" > %CWD%/srdc_perfhubrpt_$pid.sql
				OSCMD_sed 's/ZZeZZ/\//g' %CWD%/srdc_perfhubrpt_$pid.sql > %CWD%/srdc_perfhubrpt_timed_$pid.sql
				OSCMD_echo "exit;" >> %CWD%/srdc_perfhubrpt_timed_$pid.sql
				$ORACLE_HOME/bin/sqlplus -s / as sysdba @%CWD%/srdc_perfhubrpt_timed_$pid.sql
				OSCMD_rm -f %CWD%/srdc_perfhubrpt_$pid.sql
				OSCMD_rm -f %CWD%/srdc_perfhubrpt_timed_$pid.sql
			]]>
            	</script>
        </commands>
</collection>
</collections>
