<files>
<CRS_TZ>UTC</CRS_TZ>
<session_TZ>UTC</session_TZ>
<system_TZ>Coordinated Universal Time</system_TZ>
<file>
<file_name>/home/oracle/oswbb/archive/oswpidstat/aupp-hroradb-f9exx2_pidstat_20.12.08.1300.dat</file_name>
<file_type>null</file_type>
<size>388978</size>
<database></database>
<cluster>null</cluster>
<instance></instance>
<component>OS</component>
<base_directory>/home/oracle/oswbb/archive</base_directory>
<last_modified>Tue Dec 08 19:55:29 UTC 2020</last_modified>
<hostname>aupp-hroradb-f9exx2</hostname>
<lines>0</lines>
<first_timestamp>null</first_timestamp>
<last_timestamp>null</last_timestamp>
<sampling_rows_first>-1</sampling_rows_first>
<sampling_rows_last>-1</sampling_rows_last>
<date_pattern>null</date_pattern>
<sample_size>-1</sample_size>
<use_df_only>false</use_df_only>
<keep_header_lines>0</keep_header_lines>
</file>
<file>
<file_name>/home/oracle/oswbb/archive/oswpidstat/aupp-hroradb-f9exx2_pidstat_20.12.08.1400.dat</file_name>
<file_type>null</file_type>
<size>363710</size>
<database></database>
<cluster>null</cluster>
<instance></instance>
<component>OS</component>
<base_directory>/home/oracle/oswbb/archive</base_directory>
<last_modified>Tue Dec 08 20:50:29 UTC 2020</last_modified>
<hostname>aupp-hroradb-f9exx2</hostname>
<lines>0</lines>
<first_timestamp>null</first_timestamp>
<last_timestamp>null</last_timestamp>
<sampling_rows_first>-1</sampling_rows_first>
<sampling_rows_last>-1</sampling_rows_last>
<date_pattern>null</date_pattern>
<sample_size>-1</sample_size>
<use_df_only>false</use_df_only>
<keep_header_lines>0</keep_header_lines>
</file>
<file>
<file_name>/home/oracle/oswbb/archive/oswpidstatd/aupp-hroradb-f9exx2_pidstatd_20.12.08.1300.dat</file_name>
<file_type>null</file_type>
<size>12367</size>
<database></database>
<cluster>null</cluster>
<instance></instance>
<component>OS</component>
<base_directory>/home/oracle/oswbb/archive</base_directory>
<last_modified>Tue Dec 08 19:55:29 UTC 2020</last_modified>
<hostname>aupp-hroradb-f9exx2</hostname>
<lines>0</lines>
<first_timestamp>null</first_timestamp>
<last_timestamp>null</last_timestamp>
<sampling_rows_first>-1</sampling_rows_first>
<sampling_rows_last>-1</sampling_rows_last>
<date_pattern>null</date_pattern>
<sample_size>-1</sample_size>
<use_df_only>false</use_df_only>
<keep_header_lines>0</keep_header_lines>
</file>
<file>
<file_name>/home/oracle/oswbb/archive/oswpidstatd/aupp-hroradb-f9exx2_pidstatd_20.12.08.1400.dat</file_name>
<file_type>null</file_type>
<size>11285</size>
<database></database>
<cluster>null</cluster>
<instance></instance>
<component>OS</component>
<base_directory>/home/oracle/oswbb/archive</base_directory>
<last_modified>Tue Dec 08 20:50:29 UTC 2020</last_modified>
<hostname>aupp-hroradb-f9exx2</hostname>
<lines>0</lines>
<first_timestamp>null</first_timestamp>
<last_timestamp>null</last_timestamp>
<sampling_rows_first>-1</sampling_rows_first>
<sampling_rows_last>-1</sampling_rows_last>
<date_pattern>null</date_pattern>
<sample_size>-1</sample_size>
<use_df_only>false</use_df_only>
<keep_header_lines>0</keep_header_lines>
</file>
<file>
<file_name>/u02/app/oracle/diag/rdbms/prd_iad3vt/PRD2/trace/PRD2_tmon_77487.trc</file_name>
<file_type>null</file_type>
<size>25741937</size>
<database>prd_iad3vt</database>
<cluster>null</cluster>
<instance>PRD2</instance>
<component>RDBMS</component>
<base_directory>/u02/app/oracle/diag/rdbms/prd_iad3vt/PRD2/trace</base_directory>
<last_modified>Tue Dec 08 20:50:54 UTC 2020</last_modified>
<hostname>aupp-hroradb-f9exx2</hostname>
<lines>0</lines>
<first_timestamp>null</first_timestamp>
<last_timestamp>null</last_timestamp>
<sampling_rows_first>-1</sampling_rows_first>
<sampling_rows_last>-1</sampling_rows_last>
<date_pattern>null</date_pattern>
<sample_size>-1</sample_size>
<use_df_only>false</use_df_only>
<keep_header_lines>0</keep_header_lines>
</file>
<file>
<file_name>/var/log/exadatatmp/_ExaWatcher_rds_ping_my_connects_stcennoc_ym_gnip_sdr_rehctaWaxE</file_name>
<file_type>null</file_type>
<size>15277</size>
<database></database>
<cluster>null</cluster>
<instance></instance>
<component>OS</component>
<base_directory>/var/log</base_directory>
<last_modified>Tue Dec 08 20:51:22 UTC 2020</last_modified>
<hostname>aupp-hroradb-f9exx2</hostname>
<lines>0</lines>
<first_timestamp>null</first_timestamp>
<last_timestamp>null</last_timestamp>
<sampling_rows_first>-1</sampling_rows_first>
<sampling_rows_last>-1</sampling_rows_last>
<date_pattern>null</date_pattern>
<sample_size>-1</sample_size>
<use_df_only>false</use_df_only>
<keep_header_lines>0</keep_header_lines>
</file>
<file>
<file_name>/var/log/exadatatmp/cellirqbalance-interrupts.out</file_name>
<file_type>null</file_type>
<size>4802</size>
<database></database>
<cluster>null</cluster>
<instance></instance>
<component>OS</component>
<base_directory>/var/log</base_directory>
<last_modified>Tue Dec 08 20:51:10 UTC 2020</last_modified>
<hostname>aupp-hroradb-f9exx2</hostname>
<lines>0</lines>
<first_timestamp>null</first_timestamp>
<last_timestamp>null</last_timestamp>
<sampling_rows_first>-1</sampling_rows_first>
<sampling_rows_last>-1</sampling_rows_last>
<date_pattern>null</date_pattern>
<sample_size>-1</sample_size>
<use_df_only>false</use_df_only>
<keep_header_lines>0</keep_header_lines>
</file>
<file>
<file_name>/var/log/oracle/deploy/wls_gc37209.trc.3.current</file_name>
<file_type>null</file_type>
<size>33598</size>
<database></database>
<cluster>null</cluster>
<instance></instance>
<component>OS</component>
<base_directory>/var/log</base_directory>
<last_modified>Tue Dec 08 20:51:19 UTC 2020</last_modified>
<hostname>aupp-hroradb-f9exx2</hostname>
<lines>0</lines>
<first_timestamp>null</first_timestamp>
<last_timestamp>null</last_timestamp>
<sampling_rows_first>-1</sampling_rows_first>
<sampling_rows_last>-1</sampling_rows_last>
<date_pattern>null</date_pattern>
<sample_size>-1</sample_size>
<use_df_only>false</use_df_only>
<keep_header_lines>0</keep_header_lines>
</file>
<file>
<file_name>/var/log/oracle/diag/asm/dbserver/aupp-hroradb-f9exx2/trace/rstrc_36182_mmt.trc</file_name>
<file_type>null</file_type>
<size>208134</size>
<database></database>
<cluster>null</cluster>
<instance></instance>
<component>OS</component>
<base_directory>/var/log</base_directory>
<last_modified>Tue Dec 08 20:48:40 UTC 2020</last_modified>
<hostname>aupp-hroradb-f9exx2</hostname>
<lines>0</lines>
<first_timestamp>null</first_timestamp>
<last_timestamp>null</last_timestamp>
<sampling_rows_first>-1</sampling_rows_first>
<sampling_rows_last>-1</sampling_rows_last>
<date_pattern>null</date_pattern>
<sample_size>-1</sample_size>
<use_df_only>false</use_df_only>
<keep_header_lines>0</keep_header_lines>
</file>
<file>
<file_name>/var/log/uptrack.log</file_name>
<file_type>null</file_type>
<size>376423</size>
<database></database>
<cluster>null</cluster>
<instance></instance>
<component>OS</component>
<base_directory>/var/log</base_directory>
<last_modified>Tue Dec 08 20:45:51 UTC 2020</last_modified>
<hostname>aupp-hroradb-f9exx2</hostname>
<lines>0</lines>
<first_timestamp>null</first_timestamp>
<last_timestamp>null</last_timestamp>
<sampling_rows_first>-1</sampling_rows_first>
<sampling_rows_last>-1</sampling_rows_last>
<date_pattern>null</date_pattern>
<sample_size>-1</sample_size>
<use_df_only>false</use_df_only>
<keep_header_lines>0</keep_header_lines>
</file>
</files>