<files>
<CRS_TZ>UTC</CRS_TZ>
<session_TZ>UTC</session_TZ>
<system_TZ>Coordinated Universal Time</system_TZ>
<file>
<file_name>/u01/app/grid/diag/crs/aupp-hroradb-f9exx1/crs/trace/alert.log</file_name>
<file_type>CRS Alert Log</file_type>
<size>197306</size>
<database></database>
<cluster>null</cluster>
<instance></instance>
<component>CRS</component>
<base_directory>/u01/app/grid/diag/crs/aupp-hroradb-f9exx1/crs/trace</base_directory>
<last_modified>Tue Oct 20 05:27:23 UTC 2020</last_modified>
<hostname>aupp-hroradb-f9exx1</hostname>
<lines>976</lines>
<first_timestamp>Mon Jul 13 16:37:09 UTC 2020</first_timestamp>
<last_timestamp>Tue Oct 20 05:27:23 UTC 2020</last_timestamp>
<sampling_rows_first>1</sampling_rows_first>
<sampling_rows_last>-1</sampling_rows_last>
<date_pattern>\d{4}-\d{2}-\d{2}\s\d{2}:\d{2}:\d{2}\.\d{3}</date_pattern>
<sample_size>-1</sample_size>
<use_df_only>false</use_df_only>
<keep_header_lines>0</keep_header_lines>
</file>
<file>
<file_name>/u01/app/grid/diag/crs/aupp-hroradb-f9exx1/crs/trace/crsd.trc</file_name>
<file_type>CRSD Log</file_type>
<size>8069825</size>
<database></database>
<cluster>null</cluster>
<instance></instance>
<component>CRS</component>
<base_directory>/u01/app/grid/diag/crs/aupp-hroradb-f9exx1/crs/trace</base_directory>
<last_modified>Tue Oct 27 20:47:40 UTC 2020</last_modified>
<hostname>aupp-hroradb-f9exx1</hostname>
<lines>1000</lines>
<first_timestamp>Tue Oct 27 05:54:28 UTC 2020</first_timestamp>
<last_timestamp>Tue Oct 27 20:47:40 UTC 2020</last_timestamp>
<sampling_rows_first>5</sampling_rows_first>
<sampling_rows_last>-1</sampling_rows_last>
<date_pattern>\d{4}-\d{2}-\d{2}\s\d{2}:\d{2}:\d{2}</date_pattern>
<sample_size>-1</sample_size>
<use_df_only>false</use_df_only>
<keep_header_lines>0</keep_header_lines>
</file>
<file>
<file_name>/u01/app/grid/diag/crs/aupp-hroradb-f9exx1/crs/trace/crsd_oraagent_grid.trc</file_name>
<file_type>CRSD User Agent Log</file_type>
<size>9301103</size>
<database></database>
<cluster>null</cluster>
<instance></instance>
<component>CRS</component>
<base_directory>/u01/app/grid/diag/crs/aupp-hroradb-f9exx1/crs/trace</base_directory>
<last_modified>Tue Oct 27 20:47:53 UTC 2020</last_modified>
<hostname>aupp-hroradb-f9exx1</hostname>
<lines>1000</lines>
<first_timestamp>Tue Oct 27 06:07:31 UTC 2020</first_timestamp>
<last_timestamp>Tue Oct 27 20:47:53 UTC 2020</last_timestamp>
<sampling_rows_first>5</sampling_rows_first>
<sampling_rows_last>-1</sampling_rows_last>
<date_pattern>\d{4}-\d{2}-\d{2}\s\d{2}:\d{2}:\d{2}</date_pattern>
<sample_size>-1</sample_size>
<use_df_only>false</use_df_only>
<keep_header_lines>0</keep_header_lines>
</file>
<file>
<file_name>/u01/app/grid/diag/crs/aupp-hroradb-f9exx1/crs/trace/crsd_oraagent_oracle.trc</file_name>
<file_type>CRSD User Agent Log</file_type>
<size>17300850</size>
<database></database>
<cluster>null</cluster>
<instance></instance>
<component>CRS</component>
<base_directory>/u01/app/grid/diag/crs/aupp-hroradb-f9exx1/crs/trace</base_directory>
<last_modified>Tue Oct 27 20:47:52 UTC 2020</last_modified>
<hostname>aupp-hroradb-f9exx1</hostname>
<lines>1000</lines>
<first_timestamp>Tue Oct 27 03:39:36 UTC 2020</first_timestamp>
<last_timestamp>Tue Oct 27 20:47:52 UTC 2020</last_timestamp>
<sampling_rows_first>5</sampling_rows_first>
<sampling_rows_last>-1</sampling_rows_last>
<date_pattern>\d{4}-\d{2}-\d{2}\s\d{2}:\d{2}:\d{2}</date_pattern>
<sample_size>-1</sample_size>
<use_df_only>false</use_df_only>
<keep_header_lines>0</keep_header_lines>
</file>
<file>
<file_name>/u01/app/grid/diag/crs/aupp-hroradb-f9exx1/crs/trace/crsd_orarootagent_root.trc</file_name>
<file_type>CRSD Root Agent Log</file_type>
<size>23888324</size>
<database></database>
<cluster>null</cluster>
<instance></instance>
<component>CRS</component>
<base_directory>/u01/app/grid/diag/crs/aupp-hroradb-f9exx1/crs/trace</base_directory>
<last_modified>Tue Oct 27 20:47:31 UTC 2020</last_modified>
<hostname>aupp-hroradb-f9exx1</hostname>
<lines>1000</lines>
<first_timestamp>Wed Aug 26 09:16:03 UTC 2020</first_timestamp>
<last_timestamp>Tue Oct 27 20:47:31 UTC 2020</last_timestamp>
<sampling_rows_first>5</sampling_rows_first>
<sampling_rows_last>-1</sampling_rows_last>
<date_pattern>\d{4}-\d{2}-\d{2}\s\d{2}:\d{2}:\d{2}</date_pattern>
<sample_size>-1</sample_size>
<use_df_only>false</use_df_only>
<keep_header_lines>0</keep_header_lines>
</file>
<file>
<file_name>/u01/app/grid/diag/crs/aupp-hroradb-f9exx1/crs/trace/diskmon.trc</file_name>
<file_type>DISKMON log</file_type>
<size>22121109</size>
<database></database>
<cluster>null</cluster>
<instance></instance>
<component>CRS</component>
<base_directory>/u01/app/grid/diag/crs/aupp-hroradb-f9exx1/crs/trace</base_directory>
<last_modified>Tue Oct 27 20:47:53 UTC 2020</last_modified>
<hostname>aupp-hroradb-f9exx1</hostname>
<lines>1000</lines>
<first_timestamp>Tue Oct 20 19:30:39 UTC 2020</first_timestamp>
<last_timestamp>Tue Oct 27 20:47:53 UTC 2020</last_timestamp>
<sampling_rows_first>5</sampling_rows_first>
<sampling_rows_last>-1</sampling_rows_last>
<date_pattern>\d{4}-\d{2}-\d{2}\s\d{2}:\d{2}:\d{2}\.\d{3}</date_pattern>
<sample_size>-1</sample_size>
<use_df_only>false</use_df_only>
<keep_header_lines>0</keep_header_lines>
</file>
<file>
<file_name>/u01/app/grid/diag/crs/aupp-hroradb-f9exx1/crs/trace/evmd.trc</file_name>
<file_type>EVMD Log</file_type>
<size>3282609</size>
<database></database>
<cluster>null</cluster>
<instance></instance>
<component>CRS</component>
<base_directory>/u01/app/grid/diag/crs/aupp-hroradb-f9exx1/crs/trace</base_directory>
<last_modified>Tue Oct 27 20:47:44 UTC 2020</last_modified>
<hostname>aupp-hroradb-f9exx1</hostname>
<lines>1000</lines>
<first_timestamp>Sat Oct 24 14:51:24 UTC 2020</first_timestamp>
<last_timestamp>Tue Oct 27 20:47:44 UTC 2020</last_timestamp>
<sampling_rows_first>5</sampling_rows_first>
<sampling_rows_last>-1</sampling_rows_last>
<date_pattern>\d{4}-\d{2}-\d{2}\s\d{2}:\d{2}:\d{2}</date_pattern>
<sample_size>-1</sample_size>
<use_df_only>false</use_df_only>
<keep_header_lines>0</keep_header_lines>
</file>
<file>
<file_name>/u01/app/grid/diag/crs/aupp-hroradb-f9exx1/crs/trace/gipcd.trc</file_name>
<file_type>GIPCD Log</file_type>
<size>17167366</size>
<database></database>
<cluster>null</cluster>
<instance></instance>
<component>CRS</component>
<base_directory>/u01/app/grid/diag/crs/aupp-hroradb-f9exx1/crs/trace</base_directory>
<last_modified>Tue Oct 27 20:47:51 UTC 2020</last_modified>
<hostname>aupp-hroradb-f9exx1</hostname>
<lines>1000</lines>
<first_timestamp>Mon Oct 26 05:54:38 UTC 2020</first_timestamp>
<last_timestamp>Tue Oct 27 20:47:51 UTC 2020</last_timestamp>
<sampling_rows_first>5</sampling_rows_first>
<sampling_rows_last>-1</sampling_rows_last>
<date_pattern>\d{4}-\d{2}-\d{2}\s\d{2}:\d{2}:\d{2}</date_pattern>
<sample_size>-1</sample_size>
<use_df_only>false</use_df_only>
<keep_header_lines>0</keep_header_lines>
</file>
<file>
<file_name>/u01/app/grid/diag/crs/aupp-hroradb-f9exx1/crs/trace/gpnpd.trc</file_name>
<file_type>GPNPD Log</file_type>
<size>22488654</size>
<database></database>
<cluster>null</cluster>
<instance></instance>
<component>CRS</component>
<base_directory>/u01/app/grid/diag/crs/aupp-hroradb-f9exx1/crs/trace</base_directory>
<last_modified>Tue Oct 27 20:47:34 UTC 2020</last_modified>
<hostname>aupp-hroradb-f9exx1</hostname>
<lines>1000</lines>
<first_timestamp>Wed Sep 09 08:54:50 UTC 2020</first_timestamp>
<last_timestamp>Tue Oct 27 20:47:34 UTC 2020</last_timestamp>
<sampling_rows_first>5</sampling_rows_first>
<sampling_rows_last>-1</sampling_rows_last>
<date_pattern>\d{4}-\d{2}-\d{2}\s\d{2}:\d{2}:\d{2}</date_pattern>
<sample_size>-1</sample_size>
<use_df_only>false</use_df_only>
<keep_header_lines>0</keep_header_lines>
</file>
<file>
<file_name>/u01/app/grid/diag/crs/aupp-hroradb-f9exx1/crs/trace/ocssd.trc</file_name>
<file_type>CSS (ocssd) Log</file_type>
<size>52242110</size>
<database></database>
<cluster>null</cluster>
<instance></instance>
<component>CRS</component>
<base_directory>/u01/app/grid/diag/crs/aupp-hroradb-f9exx1/crs/trace</base_directory>
<last_modified>Tue Oct 27 20:47:54 UTC 2020</last_modified>
<hostname>aupp-hroradb-f9exx1</hostname>
<lines>1000</lines>
<first_timestamp>Tue Oct 27 15:19:53 UTC 2020</first_timestamp>
<last_timestamp>Tue Oct 27 20:47:54 UTC 2020</last_timestamp>
<sampling_rows_first>5</sampling_rows_first>
<sampling_rows_last>-1</sampling_rows_last>
<date_pattern>\d{4}-\d{2}-\d{2}\s\d{2}:\d{2}:\d{2}</date_pattern>
<sample_size>-1</sample_size>
<use_df_only>false</use_df_only>
<keep_header_lines>0</keep_header_lines>
</file>
<file>
<file_name>/u01/app/grid/diag/crs/aupp-hroradb-f9exx1/crs/trace/octssd.trc</file_name>
<file_type>CTSSD Log</file_type>
<size>17906242</size>
<database></database>
<cluster>null</cluster>
<instance></instance>
<component>CRS</component>
<base_directory>/u01/app/grid/diag/crs/aupp-hroradb-f9exx1/crs/trace</base_directory>
<last_modified>Tue Oct 27 20:47:47 UTC 2020</last_modified>
<hostname>aupp-hroradb-f9exx1</hostname>
<lines>1000</lines>
<first_timestamp>Mon Oct 26 13:55:06 UTC 2020</first_timestamp>
<last_timestamp>Tue Oct 27 20:47:47 UTC 2020</last_timestamp>
<sampling_rows_first>5</sampling_rows_first>
<sampling_rows_last>-1</sampling_rows_last>
<date_pattern>\d{4}-\d{2}-\d{2}\s\d{2}:\d{2}:\d{2}</date_pattern>
<sample_size>-1</sample_size>
<use_df_only>false</use_df_only>
<keep_header_lines>0</keep_header_lines>
</file>
<file>
<file_name>/u01/app/grid/diag/crs/aupp-hroradb-f9exx1/crs/trace/ohasd.trc</file_name>
<file_type>OHASD Log</file_type>
<size>2487835</size>
<database></database>
<cluster>null</cluster>
<instance></instance>
<component>CRS</component>
<base_directory>/u01/app/grid/diag/crs/aupp-hroradb-f9exx1/crs/trace</base_directory>
<last_modified>Tue Oct 27 20:47:52 UTC 2020</last_modified>
<hostname>aupp-hroradb-f9exx1</hostname>
<lines>1000</lines>
<first_timestamp>Tue Oct 27 11:17:11 UTC 2020</first_timestamp>
<last_timestamp>Tue Oct 27 20:47:52 UTC 2020</last_timestamp>
<sampling_rows_first>5</sampling_rows_first>
<sampling_rows_last>-1</sampling_rows_last>
<date_pattern>\d{4}-\d{2}-\d{2}\s\d{2}:\d{2}:\d{2}</date_pattern>
<sample_size>-1</sample_size>
<use_df_only>false</use_df_only>
<keep_header_lines>0</keep_header_lines>
</file>
<file>
<file_name>/u01/app/grid/diag/crs/aupp-hroradb-f9exx1/crs/trace/ohasd_cssdagent_root.trc</file_name>
<file_type>CSSD Agent Log (OHASD)</file_type>
<size>4811602</size>
<database></database>
<cluster>null</cluster>
<instance></instance>
<component>CRS</component>
<base_directory>/u01/app/grid/diag/crs/aupp-hroradb-f9exx1/crs/trace</base_directory>
<last_modified>Tue Oct 27 20:47:50 UTC 2020</last_modified>
<hostname>aupp-hroradb-f9exx1</hostname>
<lines>1000</lines>
<first_timestamp>Mon Oct 19 01:32:18 UTC 2020</first_timestamp>
<last_timestamp>Tue Oct 27 20:47:50 UTC 2020</last_timestamp>
<sampling_rows_first>5</sampling_rows_first>
<sampling_rows_last>-1</sampling_rows_last>
<date_pattern>\d{4}-\d{2}-\d{2}\s\d{2}:\d{2}:\d{2}</date_pattern>
<sample_size>-1</sample_size>
<use_df_only>false</use_df_only>
<keep_header_lines>0</keep_header_lines>
</file>
<file>
<file_name>/u01/app/grid/diag/crs/aupp-hroradb-f9exx1/crs/trace/ohasd_cssdmonitor_root.trc</file_name>
<file_type>CSSD Monitor Log (OHASD)</file_type>
<size>4358628</size>
<database></database>
<cluster>null</cluster>
<instance></instance>
<component>CRS</component>
<base_directory>/u01/app/grid/diag/crs/aupp-hroradb-f9exx1/crs/trace</base_directory>
<last_modified>Tue Oct 27 20:47:39 UTC 2020</last_modified>
<hostname>aupp-hroradb-f9exx1</hostname>
<lines>1000</lines>
<first_timestamp>Mon Oct 19 18:46:07 UTC 2020</first_timestamp>
<last_timestamp>Tue Oct 27 20:47:39 UTC 2020</last_timestamp>
<sampling_rows_first>5</sampling_rows_first>
<sampling_rows_last>-1</sampling_rows_last>
<date_pattern>\d{4}-\d{2}-\d{2}\s\d{2}:\d{2}:\d{2}</date_pattern>
<sample_size>-1</sample_size>
<use_df_only>false</use_df_only>
<keep_header_lines>0</keep_header_lines>
</file>
<file>
<file_name>/u01/app/grid/diag/crs/aupp-hroradb-f9exx1/crs/trace/ohasd_oraagent_grid.trc</file_name>
<file_type>OHASD User Agent Log</file_type>
<size>17238882</size>
<database></database>
<cluster>null</cluster>
<instance></instance>
<component>CRS</component>
<base_directory>/u01/app/grid/diag/crs/aupp-hroradb-f9exx1/crs/trace</base_directory>
<last_modified>Tue Oct 27 20:47:52 UTC 2020</last_modified>
<hostname>aupp-hroradb-f9exx1</hostname>
<lines>1000</lines>
<first_timestamp>Tue Oct 27 12:17:29 UTC 2020</first_timestamp>
<last_timestamp>Tue Oct 27 20:47:52 UTC 2020</last_timestamp>
<sampling_rows_first>5</sampling_rows_first>
<sampling_rows_last>-1</sampling_rows_last>
<date_pattern>\d{4}-\d{2}-\d{2}\s\d{2}:\d{2}:\d{2}</date_pattern>
<sample_size>-1</sample_size>
<use_df_only>false</use_df_only>
<keep_header_lines>0</keep_header_lines>
</file>
<file>
<file_name>/u01/app/grid/diag/crs/aupp-hroradb-f9exx1/crs/trace/ohasd_orarootagent_root.trc</file_name>
<file_type>OHASD Root Agent Log</file_type>
<size>12770591</size>
<database></database>
<cluster>null</cluster>
<instance></instance>
<component>CRS</component>
<base_directory>/u01/app/grid/diag/crs/aupp-hroradb-f9exx1/crs/trace</base_directory>
<last_modified>Tue Oct 27 20:47:54 UTC 2020</last_modified>
<hostname>aupp-hroradb-f9exx1</hostname>
<lines>1000</lines>
<first_timestamp>Tue Oct 27 05:06:27 UTC 2020</first_timestamp>
<last_timestamp>Tue Oct 27 20:47:54 UTC 2020</last_timestamp>
<sampling_rows_first>5</sampling_rows_first>
<sampling_rows_last>-1</sampling_rows_last>
<date_pattern>\d{4}-\d{2}-\d{2}\s\d{2}:\d{2}:\d{2}</date_pattern>
<sample_size>-1</sample_size>
<use_df_only>false</use_df_only>
<keep_header_lines>0</keep_header_lines>
</file>
<file>
<file_name>/home/oracle/oswbb/archive/oswpidstat/aupp-hroradb-f9exx1_pidstat_20.10.27.1400.dat</file_name>
<file_type>null</file_type>
<size>366890</size>
<database></database>
<cluster>null</cluster>
<instance></instance>
<component>OS</component>
<base_directory>/home/oracle/oswbb/archive</base_directory>
<last_modified>Tue Oct 27 19:57:50 UTC 2020</last_modified>
<hostname>aupp-hroradb-f9exx1</hostname>
<lines>0</lines>
<first_timestamp>null</first_timestamp>
<last_timestamp>null</last_timestamp>
<sampling_rows_first>-1</sampling_rows_first>
<sampling_rows_last>-1</sampling_rows_last>
<date_pattern>null</date_pattern>
<sample_size>-1</sample_size>
<use_df_only>false</use_df_only>
<keep_header_lines>0</keep_header_lines>
</file>
<file>
<file_name>/home/oracle/oswbb/archive/oswpidstat/aupp-hroradb-f9exx1_pidstat_20.10.27.1500.dat</file_name>
<file_type>null</file_type>
<size>299134</size>
<database></database>
<cluster>null</cluster>
<instance></instance>
<component>OS</component>
<base_directory>/home/oracle/oswbb/archive</base_directory>
<last_modified>Tue Oct 27 20:47:50 UTC 2020</last_modified>
<hostname>aupp-hroradb-f9exx1</hostname>
<lines>0</lines>
<first_timestamp>null</first_timestamp>
<last_timestamp>null</last_timestamp>
<sampling_rows_first>-1</sampling_rows_first>
<sampling_rows_last>-1</sampling_rows_last>
<date_pattern>null</date_pattern>
<sample_size>-1</sample_size>
<use_df_only>false</use_df_only>
<keep_header_lines>0</keep_header_lines>
</file>
<file>
<file_name>/home/oracle/oswbb/archive/oswpidstatd/aupp-hroradb-f9exx1_pidstatd_20.10.27.1400.dat</file_name>
<file_type>null</file_type>
<size>13069</size>
<database></database>
<cluster>null</cluster>
<instance></instance>
<component>OS</component>
<base_directory>/home/oracle/oswbb/archive</base_directory>
<last_modified>Tue Oct 27 19:57:50 UTC 2020</last_modified>
<hostname>aupp-hroradb-f9exx1</hostname>
<lines>0</lines>
<first_timestamp>null</first_timestamp>
<last_timestamp>null</last_timestamp>
<sampling_rows_first>-1</sampling_rows_first>
<sampling_rows_last>-1</sampling_rows_last>
<date_pattern>null</date_pattern>
<sample_size>-1</sample_size>
<use_df_only>false</use_df_only>
<keep_header_lines>0</keep_header_lines>
</file>
<file>
<file_name>/home/oracle/oswbb/archive/oswpidstatd/aupp-hroradb-f9exx1_pidstatd_20.10.27.1500.dat</file_name>
<file_type>null</file_type>
<size>10361</size>
<database></database>
<cluster>null</cluster>
<instance></instance>
<component>OS</component>
<base_directory>/home/oracle/oswbb/archive</base_directory>
<last_modified>Tue Oct 27 20:47:50 UTC 2020</last_modified>
<hostname>aupp-hroradb-f9exx1</hostname>
<lines>0</lines>
<first_timestamp>null</first_timestamp>
<last_timestamp>null</last_timestamp>
<sampling_rows_first>-1</sampling_rows_first>
<sampling_rows_last>-1</sampling_rows_last>
<date_pattern>null</date_pattern>
<sample_size>-1</sample_size>
<use_df_only>false</use_df_only>
<keep_header_lines>0</keep_header_lines>
</file>
<file>
<file_name>/u01/app/grid/crsdata/aupp-hroradb-f9exx1/crf/db/json/jsondump.log</file_name>
<file_type>null</file_type>
<size>5628208</size>
<database></database>
<cluster>null</cluster>
<instance></instance>
<component>CRS</component>
<base_directory>/u01/app/grid/crsdata/aupp-hroradb-f9exx1/crf</base_directory>
<last_modified>Tue Oct 27 20:47:11 UTC 2020</last_modified>
<hostname>aupp-hroradb-f9exx1</hostname>
<lines>0</lines>
<first_timestamp>null</first_timestamp>
<last_timestamp>null</last_timestamp>
<sampling_rows_first>-1</sampling_rows_first>
<sampling_rows_last>-1</sampling_rows_last>
<date_pattern>null</date_pattern>
<sample_size>-1</sample_size>
<use_df_only>false</use_df_only>
<keep_header_lines>0</keep_header_lines>
</file>
<file>
<file_name>/u01/app/grid/crsdata/aupp-hroradb-f9exx1/crf/db/proc/procdump.log</file_name>
<file_type>null</file_type>
<size>7819733</size>
<database></database>
<cluster>null</cluster>
<instance></instance>
<component>CRS</component>
<base_directory>/u01/app/grid/crsdata/aupp-hroradb-f9exx1/crf</base_directory>
<last_modified>Tue Oct 27 20:47:30 UTC 2020</last_modified>
<hostname>aupp-hroradb-f9exx1</hostname>
<lines>0</lines>
<first_timestamp>null</first_timestamp>
<last_timestamp>null</last_timestamp>
<sampling_rows_first>-1</sampling_rows_first>
<sampling_rows_last>-1</sampling_rows_last>
<date_pattern>null</date_pattern>
<sample_size>-1</sample_size>
<use_df_only>false</use_df_only>
<keep_header_lines>0</keep_header_lines>
</file>
<file>
<file_name>/u01/app/grid/diag/crs/aupp-hroradb-f9exx1/crs/trace/osysmond.trc</file_name>
<file_type>null</file_type>
<size>2328906</size>
<database></database>
<cluster>null</cluster>
<instance></instance>
<component>CRS</component>
<base_directory>/u01/app/grid/diag/crs/aupp-hroradb-f9exx1/crs/trace</base_directory>
<last_modified>Tue Oct 27 20:47:50 UTC 2020</last_modified>
<hostname>aupp-hroradb-f9exx1</hostname>
<lines>0</lines>
<first_timestamp>null</first_timestamp>
<last_timestamp>null</last_timestamp>
<sampling_rows_first>-1</sampling_rows_first>
<sampling_rows_last>-1</sampling_rows_last>
<date_pattern>null</date_pattern>
<sample_size>-1</sample_size>
<use_df_only>false</use_df_only>
<keep_header_lines>0</keep_header_lines>
</file>
<file>
<file_name>/u02/app/oracle/diag/rdbms/prd_iad3vt/PRD1/trace/PRD1_tmon_42775.trc</file_name>
<file_type>null</file_type>
<size>92319113</size>
<database>prd_iad3vt</database>
<cluster>null</cluster>
<instance>PRD1</instance>
<component>RDBMS</component>
<base_directory>/u02/app/oracle/diag/rdbms/prd_iad3vt/PRD1/trace</base_directory>
<last_modified>Tue Oct 27 20:46:58 UTC 2020</last_modified>
<hostname>aupp-hroradb-f9exx1</hostname>
<lines>0</lines>
<first_timestamp>null</first_timestamp>
<last_timestamp>null</last_timestamp>
<sampling_rows_first>-1</sampling_rows_first>
<sampling_rows_last>-1</sampling_rows_last>
<date_pattern>null</date_pattern>
<sample_size>-1</sample_size>
<use_df_only>false</use_df_only>
<keep_header_lines>0</keep_header_lines>
</file>
<file>
<file_name>/var/log/exadatatmp/_ExaWatcher_rds_ping_my_connects_stcennoc_ym_gnip_sdr_rehctaWaxE</file_name>
<file_type>null</file_type>
<size>15393</size>
<database></database>
<cluster>null</cluster>
<instance></instance>
<component>OS</component>
<base_directory>/var/log</base_directory>
<last_modified>Tue Oct 27 20:48:10 UTC 2020</last_modified>
<hostname>aupp-hroradb-f9exx1</hostname>
<lines>0</lines>
<first_timestamp>null</first_timestamp>
<last_timestamp>null</last_timestamp>
<sampling_rows_first>-1</sampling_rows_first>
<sampling_rows_last>-1</sampling_rows_last>
<date_pattern>null</date_pattern>
<sample_size>-1</sample_size>
<use_df_only>false</use_df_only>
<keep_header_lines>0</keep_header_lines>
</file>
<file>
<file_name>/var/log/exadatatmp/cellirqbalance-interrupts.out</file_name>
<file_type>null</file_type>
<size>4802</size>
<database></database>
<cluster>null</cluster>
<instance></instance>
<component>OS</component>
<base_directory>/var/log</base_directory>
<last_modified>Tue Oct 27 20:48:07 UTC 2020</last_modified>
<hostname>aupp-hroradb-f9exx1</hostname>
<lines>0</lines>
<first_timestamp>null</first_timestamp>
<last_timestamp>null</last_timestamp>
<sampling_rows_first>-1</sampling_rows_first>
<sampling_rows_last>-1</sampling_rows_last>
<date_pattern>null</date_pattern>
<sample_size>-1</sample_size>
<use_df_only>false</use_df_only>
<keep_header_lines>0</keep_header_lines>
</file>
<file>
<file_name>/var/log/oracle/deploy/wls_gc34394.trc.0.current</file_name>
<file_type>null</file_type>
<size>54166</size>
<database></database>
<cluster>null</cluster>
<instance></instance>
<component>OS</component>
<base_directory>/var/log</base_directory>
<last_modified>Tue Oct 27 20:48:06 UTC 2020</last_modified>
<hostname>aupp-hroradb-f9exx1</hostname>
<lines>0</lines>
<first_timestamp>null</first_timestamp>
<last_timestamp>null</last_timestamp>
<sampling_rows_first>-1</sampling_rows_first>
<sampling_rows_last>-1</sampling_rows_last>
<date_pattern>null</date_pattern>
<sample_size>-1</sample_size>
<use_df_only>false</use_df_only>
<keep_header_lines>0</keep_header_lines>
</file>
<file>
<file_name>/var/log/oracle/diag/asm/dbserver/aupp-hroradb-f9exx1/trace/rstrc_33785_mmt.trc</file_name>
<file_type>null</file_type>
<size>1027960</size>
<database></database>
<cluster>null</cluster>
<instance></instance>
<component>OS</component>
<base_directory>/var/log</base_directory>
<last_modified>Tue Oct 27 20:47:45 UTC 2020</last_modified>
<hostname>aupp-hroradb-f9exx1</hostname>
<lines>0</lines>
<first_timestamp>null</first_timestamp>
<last_timestamp>null</last_timestamp>
<sampling_rows_first>-1</sampling_rows_first>
<sampling_rows_last>-1</sampling_rows_last>
<date_pattern>null</date_pattern>
<sample_size>-1</sample_size>
<use_df_only>false</use_df_only>
<keep_header_lines>0</keep_header_lines>
</file>
<file>
<file_name>/var/log/uptrack.log</file_name>
<file_type>null</file_type>
<size>1691509</size>
<database></database>
<cluster>null</cluster>
<instance></instance>
<component>OS</component>
<base_directory>/var/log</base_directory>
<last_modified>Tue Oct 27 20:45:52 UTC 2020</last_modified>
<hostname>aupp-hroradb-f9exx1</hostname>
<lines>0</lines>
<first_timestamp>null</first_timestamp>
<last_timestamp>null</last_timestamp>
<sampling_rows_first>-1</sampling_rows_first>
<sampling_rows_last>-1</sampling_rows_last>
<date_pattern>null</date_pattern>
<sample_size>-1</sample_size>
<use_df_only>false</use_df_only>
<keep_header_lines>0</keep_header_lines>
</file>
</files>