<files>
<CRS_TZ>UTC</CRS_TZ>
<session_TZ>UTC</session_TZ>
<system_TZ>Coordinated Universal Time</system_TZ>
<file>
<file_name>/u01/app/grid/diag/crs/aupp-hroradb-f9exx2/crs/trace/alert.log</file_name>
<file_type>CRS Alert Log</file_type>
<size>230555</size>
<database></database>
<cluster>null</cluster>
<instance></instance>
<component>CRS</component>
<base_directory>/u01/app/grid/diag/crs/aupp-hroradb-f9exx2/crs/trace</base_directory>
<last_modified>Wed Nov 04 11:58:06 UTC 2020</last_modified>
<hostname>aupp-hroradb-f9exx2</hostname>
<lines>1000</lines>
<first_timestamp>Mon Jul 13 16:48:32 UTC 2020</first_timestamp>
<last_timestamp>Wed Nov 04 05:58:06 UTC 2020</last_timestamp>
<sampling_rows_first>1</sampling_rows_first>
<sampling_rows_last>-1</sampling_rows_last>
<date_pattern>\d{4}-\d{2}-\d{2}\s\d{2}:\d{2}:\d{2}\.\d{3}</date_pattern>
<sample_size>-1</sample_size>
<use_df_only>false</use_df_only>
<keep_header_lines>0</keep_header_lines>
</file>
<file>
<file_name>/u01/app/grid/diag/crs/aupp-hroradb-f9exx2/crs/trace/crsd.trc</file_name>
<file_type>CRSD Log</file_type>
<size>4848396</size>
<database></database>
<cluster>null</cluster>
<instance></instance>
<component>CRS</component>
<base_directory>/u01/app/grid/diag/crs/aupp-hroradb-f9exx2/crs/trace</base_directory>
<last_modified>Wed Nov 04 14:10:03 UTC 2020</last_modified>
<hostname>aupp-hroradb-f9exx2</hostname>
<lines>1000</lines>
<first_timestamp>Wed Nov 04 10:30:22 UTC 2020</first_timestamp>
<last_timestamp>Wed Nov 04 14:10:03 UTC 2020</last_timestamp>
<sampling_rows_first>5</sampling_rows_first>
<sampling_rows_last>-1</sampling_rows_last>
<date_pattern>\d{4}-\d{2}-\d{2}\s\d{2}:\d{2}:\d{2}</date_pattern>
<sample_size>-1</sample_size>
<use_df_only>false</use_df_only>
<keep_header_lines>0</keep_header_lines>
</file>
<file>
<file_name>/u01/app/grid/diag/crs/aupp-hroradb-f9exx2/crs/trace/crsd_jagent_grid.trc</file_name>
<file_type>CRSD JAgent Log/Trace_copy</file_type>
<size>11788255</size>
<database></database>
<cluster>null</cluster>
<instance></instance>
<component>CRS</component>
<base_directory>/u01/app/grid/diag/crs/aupp-hroradb-f9exx2/crs/trace</base_directory>
<last_modified>Wed Nov 04 14:09:48 UTC 2020</last_modified>
<hostname>aupp-hroradb-f9exx2</hostname>
<lines>1000</lines>
<first_timestamp>Tue Oct 27 06:34:15 UTC 2020</first_timestamp>
<last_timestamp>Wed Nov 04 14:09:48 UTC 2020</last_timestamp>
<sampling_rows_first>5</sampling_rows_first>
<sampling_rows_last>-1</sampling_rows_last>
<date_pattern>\d{4}-\d{2}-\d{2}\s\d{2}:\d{2}:\d{2}\.\d{3}</date_pattern>
<sample_size>-1</sample_size>
<use_df_only>false</use_df_only>
<keep_header_lines>0</keep_header_lines>
</file>
<file>
<file_name>/u01/app/grid/diag/crs/aupp-hroradb-f9exx2/crs/trace/crsd_oraagent_grid.trc</file_name>
<file_type>CRSD User Agent Log</file_type>
<size>55486</size>
<database></database>
<cluster>null</cluster>
<instance></instance>
<component>CRS</component>
<base_directory>/u01/app/grid/diag/crs/aupp-hroradb-f9exx2/crs/trace</base_directory>
<last_modified>Wed Nov 04 14:10:03 UTC 2020</last_modified>
<hostname>aupp-hroradb-f9exx2</hostname>
<lines>1000</lines>
<first_timestamp>Wed Nov 04 14:04:42 UTC 2020</first_timestamp>
<last_timestamp>Wed Nov 04 14:10:03 UTC 2020</last_timestamp>
<sampling_rows_first>5</sampling_rows_first>
<sampling_rows_last>-1</sampling_rows_last>
<date_pattern>\d{4}-\d{2}-\d{2}\s\d{2}:\d{2}:\d{2}</date_pattern>
<sample_size>-1</sample_size>
<use_df_only>false</use_df_only>
<keep_header_lines>0</keep_header_lines>
</file>
<file>
<file_name>/u01/app/grid/diag/crs/aupp-hroradb-f9exx2/crs/trace/crsd_oraagent_grid_65.trc</file_name>
<file_type>CRSD User Agent Log</file_type>
<size>26214661</size>
<database></database>
<cluster>null</cluster>
<instance></instance>
<component>CRS</component>
<base_directory>/u01/app/grid/diag/crs/aupp-hroradb-f9exx2/crs/trace</base_directory>
<last_modified>Wed Nov 04 14:04:41 UTC 2020</last_modified>
<hostname>aupp-hroradb-f9exx2</hostname>
<lines>1000</lines>
<first_timestamp>Mon Nov 02 19:45:08 UTC 2020</first_timestamp>
<last_timestamp>Wed Nov 04 14:04:41 UTC 2020</last_timestamp>
<sampling_rows_first>5</sampling_rows_first>
<sampling_rows_last>-1</sampling_rows_last>
<date_pattern>\d{4}-\d{2}-\d{2}\s\d{2}:\d{2}:\d{2}</date_pattern>
<sample_size>-1</sample_size>
<use_df_only>false</use_df_only>
<keep_header_lines>0</keep_header_lines>
</file>
<file>
<file_name>/u01/app/grid/diag/crs/aupp-hroradb-f9exx2/crs/trace/crsd_oraagent_oracle.trc</file_name>
<file_type>CRSD User Agent Log</file_type>
<size>4673851</size>
<database></database>
<cluster>null</cluster>
<instance></instance>
<component>CRS</component>
<base_directory>/u01/app/grid/diag/crs/aupp-hroradb-f9exx2/crs/trace</base_directory>
<last_modified>Wed Nov 04 14:10:03 UTC 2020</last_modified>
<hostname>aupp-hroradb-f9exx2</hostname>
<lines>1000</lines>
<first_timestamp>Wed Nov 04 11:15:20 UTC 2020</first_timestamp>
<last_timestamp>Wed Nov 04 14:10:03 UTC 2020</last_timestamp>
<sampling_rows_first>5</sampling_rows_first>
<sampling_rows_last>-1</sampling_rows_last>
<date_pattern>\d{4}-\d{2}-\d{2}\s\d{2}:\d{2}:\d{2}</date_pattern>
<sample_size>-1</sample_size>
<use_df_only>false</use_df_only>
<keep_header_lines>0</keep_header_lines>
</file>
<file>
<file_name>/u01/app/grid/diag/crs/aupp-hroradb-f9exx2/crs/trace/crsd_orarootagent_root.trc</file_name>
<file_type>CRSD Root Agent Log</file_type>
<size>19276875</size>
<database></database>
<cluster>null</cluster>
<instance></instance>
<component>CRS</component>
<base_directory>/u01/app/grid/diag/crs/aupp-hroradb-f9exx2/crs/trace</base_directory>
<last_modified>Wed Nov 04 14:09:45 UTC 2020</last_modified>
<hostname>aupp-hroradb-f9exx2</hostname>
<lines>1000</lines>
<first_timestamp>Tue Sep 15 14:55:38 UTC 2020</first_timestamp>
<last_timestamp>Wed Nov 04 14:09:45 UTC 2020</last_timestamp>
<sampling_rows_first>5</sampling_rows_first>
<sampling_rows_last>-1</sampling_rows_last>
<date_pattern>\d{4}-\d{2}-\d{2}\s\d{2}:\d{2}:\d{2}</date_pattern>
<sample_size>-1</sample_size>
<use_df_only>false</use_df_only>
<keep_header_lines>0</keep_header_lines>
</file>
<file>
<file_name>/u01/app/grid/diag/crs/aupp-hroradb-f9exx2/crs/trace/diskmon.trc</file_name>
<file_type>DISKMON log</file_type>
<size>12929705</size>
<database></database>
<cluster>null</cluster>
<instance></instance>
<component>CRS</component>
<base_directory>/u01/app/grid/diag/crs/aupp-hroradb-f9exx2/crs/trace</base_directory>
<last_modified>Wed Nov 04 14:10:03 UTC 2020</last_modified>
<hostname>aupp-hroradb-f9exx2</hostname>
<lines>1000</lines>
<first_timestamp>Sat Oct 31 08:50:24 UTC 2020</first_timestamp>
<last_timestamp>Wed Nov 04 14:10:03 UTC 2020</last_timestamp>
<sampling_rows_first>5</sampling_rows_first>
<sampling_rows_last>-1</sampling_rows_last>
<date_pattern>\d{4}-\d{2}-\d{2}\s\d{2}:\d{2}:\d{2}\.\d{3}</date_pattern>
<sample_size>-1</sample_size>
<use_df_only>false</use_df_only>
<keep_header_lines>0</keep_header_lines>
</file>
<file>
<file_name>/u01/app/grid/diag/crs/aupp-hroradb-f9exx2/crs/trace/evmd.trc</file_name>
<file_type>EVMD Log</file_type>
<size>10748231</size>
<database></database>
<cluster>null</cluster>
<instance></instance>
<component>CRS</component>
<base_directory>/u01/app/grid/diag/crs/aupp-hroradb-f9exx2/crs/trace</base_directory>
<last_modified>Wed Nov 04 14:09:39 UTC 2020</last_modified>
<hostname>aupp-hroradb-f9exx2</hostname>
<lines>1000</lines>
<first_timestamp>Sat Oct 24 21:46:51 UTC 2020</first_timestamp>
<last_timestamp>Wed Nov 04 14:09:39 UTC 2020</last_timestamp>
<sampling_rows_first>5</sampling_rows_first>
<sampling_rows_last>-1</sampling_rows_last>
<date_pattern>\d{4}-\d{2}-\d{2}\s\d{2}:\d{2}:\d{2}</date_pattern>
<sample_size>-1</sample_size>
<use_df_only>false</use_df_only>
<keep_header_lines>0</keep_header_lines>
</file>
<file>
<file_name>/u01/app/grid/diag/crs/aupp-hroradb-f9exx2/crs/trace/gipcd.trc</file_name>
<file_type>GIPCD Log</file_type>
<size>8470274</size>
<database></database>
<cluster>null</cluster>
<instance></instance>
<component>CRS</component>
<base_directory>/u01/app/grid/diag/crs/aupp-hroradb-f9exx2/crs/trace</base_directory>
<last_modified>Wed Nov 04 14:10:01 UTC 2020</last_modified>
<hostname>aupp-hroradb-f9exx2</hostname>
<lines>1000</lines>
<first_timestamp>Tue Nov 03 18:49:32 UTC 2020</first_timestamp>
<last_timestamp>Wed Nov 04 14:10:01 UTC 2020</last_timestamp>
<sampling_rows_first>5</sampling_rows_first>
<sampling_rows_last>-1</sampling_rows_last>
<date_pattern>\d{4}-\d{2}-\d{2}\s\d{2}:\d{2}:\d{2}</date_pattern>
<sample_size>-1</sample_size>
<use_df_only>false</use_df_only>
<keep_header_lines>0</keep_header_lines>
</file>
<file>
<file_name>/u01/app/grid/diag/crs/aupp-hroradb-f9exx2/crs/trace/gpnpd.trc</file_name>
<file_type>GPNPD Log</file_type>
<size>25421999</size>
<database></database>
<cluster>null</cluster>
<instance></instance>
<component>CRS</component>
<base_directory>/u01/app/grid/diag/crs/aupp-hroradb-f9exx2/crs/trace</base_directory>
<last_modified>Wed Nov 04 14:09:46 UTC 2020</last_modified>
<hostname>aupp-hroradb-f9exx2</hostname>
<lines>1000</lines>
<first_timestamp>Sun Sep 13 03:16:23 UTC 2020</first_timestamp>
<last_timestamp>Wed Nov 04 14:09:46 UTC 2020</last_timestamp>
<sampling_rows_first>5</sampling_rows_first>
<sampling_rows_last>-1</sampling_rows_last>
<date_pattern>\d{4}-\d{2}-\d{2}\s\d{2}:\d{2}:\d{2}</date_pattern>
<sample_size>-1</sample_size>
<use_df_only>false</use_df_only>
<keep_header_lines>0</keep_header_lines>
</file>
<file>
<file_name>/u01/app/grid/diag/crs/aupp-hroradb-f9exx2/crs/trace/ocssd.trc</file_name>
<file_type>CSS (ocssd) Log</file_type>
<size>52016330</size>
<database></database>
<cluster>null</cluster>
<instance></instance>
<component>CRS</component>
<base_directory>/u01/app/grid/diag/crs/aupp-hroradb-f9exx2/crs/trace</base_directory>
<last_modified>Wed Nov 04 14:10:04 UTC 2020</last_modified>
<hostname>aupp-hroradb-f9exx2</hostname>
<lines>1000</lines>
<first_timestamp>Tue Nov 03 19:33:35 UTC 2020</first_timestamp>
<last_timestamp>Wed Nov 04 14:10:04 UTC 2020</last_timestamp>
<sampling_rows_first>5</sampling_rows_first>
<sampling_rows_last>-1</sampling_rows_last>
<date_pattern>\d{4}-\d{2}-\d{2}\s\d{2}:\d{2}:\d{2}</date_pattern>
<sample_size>-1</sample_size>
<use_df_only>false</use_df_only>
<keep_header_lines>0</keep_header_lines>
</file>
<file>
<file_name>/u01/app/grid/diag/crs/aupp-hroradb-f9exx2/crs/trace/octssd.trc</file_name>
<file_type>CTSSD Log</file_type>
<size>757191</size>
<database></database>
<cluster>null</cluster>
<instance></instance>
<component>CRS</component>
<base_directory>/u01/app/grid/diag/crs/aupp-hroradb-f9exx2/crs/trace</base_directory>
<last_modified>Wed Nov 04 14:09:59 UTC 2020</last_modified>
<hostname>aupp-hroradb-f9exx2</hostname>
<lines>1000</lines>
<first_timestamp>Wed Nov 04 07:03:37 UTC 2020</first_timestamp>
<last_timestamp>Wed Nov 04 14:09:59 UTC 2020</last_timestamp>
<sampling_rows_first>5</sampling_rows_first>
<sampling_rows_last>-1</sampling_rows_last>
<date_pattern>\d{4}-\d{2}-\d{2}\s\d{2}:\d{2}:\d{2}</date_pattern>
<sample_size>-1</sample_size>
<use_df_only>false</use_df_only>
<keep_header_lines>0</keep_header_lines>
</file>
<file>
<file_name>/u01/app/grid/diag/crs/aupp-hroradb-f9exx2/crs/trace/ohasd.trc</file_name>
<file_type>OHASD Log</file_type>
<size>24359387</size>
<database></database>
<cluster>null</cluster>
<instance></instance>
<component>CRS</component>
<base_directory>/u01/app/grid/diag/crs/aupp-hroradb-f9exx2/crs/trace</base_directory>
<last_modified>Wed Nov 04 14:09:56 UTC 2020</last_modified>
<hostname>aupp-hroradb-f9exx2</hostname>
<lines>1000</lines>
<first_timestamp>Sun Nov 01 10:54:20 UTC 2020</first_timestamp>
<last_timestamp>Wed Nov 04 14:09:56 UTC 2020</last_timestamp>
<sampling_rows_first>5</sampling_rows_first>
<sampling_rows_last>-1</sampling_rows_last>
<date_pattern>\d{4}-\d{2}-\d{2}\s\d{2}:\d{2}:\d{2}</date_pattern>
<sample_size>-1</sample_size>
<use_df_only>false</use_df_only>
<keep_header_lines>0</keep_header_lines>
</file>
<file>
<file_name>/u01/app/grid/diag/crs/aupp-hroradb-f9exx2/crs/trace/ohasd_cssdagent_root.trc</file_name>
<file_type>CSSD Agent Log (OHASD)</file_type>
<size>7916534</size>
<database></database>
<cluster>null</cluster>
<instance></instance>
<component>CRS</component>
<base_directory>/u01/app/grid/diag/crs/aupp-hroradb-f9exx2/crs/trace</base_directory>
<last_modified>Wed Nov 04 14:09:34 UTC 2020</last_modified>
<hostname>aupp-hroradb-f9exx2</hostname>
<lines>1000</lines>
<first_timestamp>Tue Oct 20 23:37:00 UTC 2020</first_timestamp>
<last_timestamp>Wed Nov 04 14:09:34 UTC 2020</last_timestamp>
<sampling_rows_first>5</sampling_rows_first>
<sampling_rows_last>-1</sampling_rows_last>
<date_pattern>\d{4}-\d{2}-\d{2}\s\d{2}:\d{2}:\d{2}</date_pattern>
<sample_size>-1</sample_size>
<use_df_only>false</use_df_only>
<keep_header_lines>0</keep_header_lines>
</file>
<file>
<file_name>/u01/app/grid/diag/crs/aupp-hroradb-f9exx2/crs/trace/ohasd_cssdmonitor_root.trc</file_name>
<file_type>CSSD Monitor Log (OHASD)</file_type>
<size>7080026</size>
<database></database>
<cluster>null</cluster>
<instance></instance>
<component>CRS</component>
<base_directory>/u01/app/grid/diag/crs/aupp-hroradb-f9exx2/crs/trace</base_directory>
<last_modified>Wed Nov 04 14:09:22 UTC 2020</last_modified>
<hostname>aupp-hroradb-f9exx2</hostname>
<lines>1000</lines>
<first_timestamp>Thu Oct 22 11:10:49 UTC 2020</first_timestamp>
<last_timestamp>Wed Nov 04 14:09:22 UTC 2020</last_timestamp>
<sampling_rows_first>5</sampling_rows_first>
<sampling_rows_last>-1</sampling_rows_last>
<date_pattern>\d{4}-\d{2}-\d{2}\s\d{2}:\d{2}:\d{2}</date_pattern>
<sample_size>-1</sample_size>
<use_df_only>false</use_df_only>
<keep_header_lines>0</keep_header_lines>
</file>
<file>
<file_name>/u01/app/grid/diag/crs/aupp-hroradb-f9exx2/crs/trace/ohasd_oraagent_grid.trc</file_name>
<file_type>OHASD User Agent Log</file_type>
<size>13331813</size>
<database></database>
<cluster>null</cluster>
<instance></instance>
<component>CRS</component>
<base_directory>/u01/app/grid/diag/crs/aupp-hroradb-f9exx2/crs/trace</base_directory>
<last_modified>Wed Nov 04 14:10:03 UTC 2020</last_modified>
<hostname>aupp-hroradb-f9exx2</hostname>
<lines>1000</lines>
<first_timestamp>Wed Nov 04 07:51:54 UTC 2020</first_timestamp>
<last_timestamp>Wed Nov 04 14:10:03 UTC 2020</last_timestamp>
<sampling_rows_first>5</sampling_rows_first>
<sampling_rows_last>-1</sampling_rows_last>
<date_pattern>\d{4}-\d{2}-\d{2}\s\d{2}:\d{2}:\d{2}</date_pattern>
<sample_size>-1</sample_size>
<use_df_only>false</use_df_only>
<keep_header_lines>0</keep_header_lines>
</file>
<file>
<file_name>/u01/app/grid/diag/crs/aupp-hroradb-f9exx2/crs/trace/ohasd_orarootagent_root.trc</file_name>
<file_type>OHASD Root Agent Log</file_type>
<size>19192984</size>
<database></database>
<cluster>null</cluster>
<instance></instance>
<component>CRS</component>
<base_directory>/u01/app/grid/diag/crs/aupp-hroradb-f9exx2/crs/trace</base_directory>
<last_modified>Wed Nov 04 14:10:03 UTC 2020</last_modified>
<hostname>aupp-hroradb-f9exx2</hostname>
<lines>1000</lines>
<first_timestamp>Tue Nov 03 15:11:39 UTC 2020</first_timestamp>
<last_timestamp>Wed Nov 04 14:10:03 UTC 2020</last_timestamp>
<sampling_rows_first>5</sampling_rows_first>
<sampling_rows_last>-1</sampling_rows_last>
<date_pattern>\d{4}-\d{2}-\d{2}\s\d{2}:\d{2}:\d{2}</date_pattern>
<sample_size>-1</sample_size>
<use_df_only>false</use_df_only>
<keep_header_lines>0</keep_header_lines>
</file>
<file>
<file_name>/u01/app/grid/diag/crs/aupp-hroradb-f9exx2/crs/trace/ologgerd.trc</file_name>
<file_type>CRFLOGD (ologgerd) Log</file_type>
<size>20585223</size>
<database></database>
<cluster>null</cluster>
<instance></instance>
<component>CRS</component>
<base_directory>/u01/app/grid/diag/crs/aupp-hroradb-f9exx2/crs/trace</base_directory>
<last_modified>Wed Nov 04 14:09:59 UTC 2020</last_modified>
<hostname>aupp-hroradb-f9exx2</hostname>
<lines>1000</lines>
<first_timestamp>null</first_timestamp>
<last_timestamp>null</last_timestamp>
<sampling_rows_first>-1</sampling_rows_first>
<sampling_rows_last>-1</sampling_rows_last>
<date_pattern>null</date_pattern>
<sample_size>-1</sample_size>
<use_df_only>false</use_df_only>
<keep_header_lines>0</keep_header_lines>
</file>
<file>
<file_name>/u01/app/grid/diag/crs/aupp-hroradb-f9exx2/crs/trace/osysmond_9.trc</file_name>
<file_type>CRFMOND (osysmond) Log</file_type>
<size>27185212</size>
<database></database>
<cluster>null</cluster>
<instance></instance>
<component>CRS</component>
<base_directory>/u01/app/grid/diag/crs/aupp-hroradb-f9exx2/crs/trace</base_directory>
<last_modified>Wed Nov 04 14:07:28 UTC 2020</last_modified>
<hostname>aupp-hroradb-f9exx2</hostname>
<lines>1000</lines>
<first_timestamp>Tue Oct 06 15:41:20 UTC 2020</first_timestamp>
<last_timestamp>Wed Nov 04 14:07:28 UTC 2020</last_timestamp>
<sampling_rows_first>5</sampling_rows_first>
<sampling_rows_last>-1</sampling_rows_last>
<date_pattern>\d{4}-\d{2}-\d{2}\s\d{2}:\d{2}:\d{2}\.\d{3}</date_pattern>
<sample_size>-1</sample_size>
<use_df_only>false</use_df_only>
<keep_header_lines>0</keep_header_lines>
</file>
<file>
<file_name>/home/oracle/oswbb/archive/oswpidstat/aupp-hroradb-f9exx2_pidstat_20.11.04.0700.dat</file_name>
<file_type>null</file_type>
<size>475334</size>
<database></database>
<cluster>null</cluster>
<instance></instance>
<component>OS</component>
<base_directory>/home/oracle/oswbb/archive</base_directory>
<last_modified>Wed Nov 04 13:57:51 UTC 2020</last_modified>
<hostname>aupp-hroradb-f9exx2</hostname>
<lines>0</lines>
<first_timestamp>null</first_timestamp>
<last_timestamp>null</last_timestamp>
<sampling_rows_first>-1</sampling_rows_first>
<sampling_rows_last>-1</sampling_rows_last>
<date_pattern>null</date_pattern>
<sample_size>-1</sample_size>
<use_df_only>false</use_df_only>
<keep_header_lines>0</keep_header_lines>
</file>
<file>
<file_name>/home/oracle/oswbb/archive/oswpidstat/aupp-hroradb-f9exx2_pidstat_20.11.04.0800.dat</file_name>
<file_type>null</file_type>
<size>55226</size>
<database></database>
<cluster>null</cluster>
<instance></instance>
<component>OS</component>
<base_directory>/home/oracle/oswbb/archive</base_directory>
<last_modified>Wed Nov 04 14:07:51 UTC 2020</last_modified>
<hostname>aupp-hroradb-f9exx2</hostname>
<lines>0</lines>
<first_timestamp>null</first_timestamp>
<last_timestamp>null</last_timestamp>
<sampling_rows_first>-1</sampling_rows_first>
<sampling_rows_last>-1</sampling_rows_last>
<date_pattern>null</date_pattern>
<sample_size>-1</sample_size>
<use_df_only>false</use_df_only>
<keep_header_lines>0</keep_header_lines>
</file>
<file>
<file_name>/home/oracle/oswbb/archive/oswpidstatd/aupp-hroradb-f9exx2_pidstatd_20.11.04.0700.dat</file_name>
<file_type>null</file_type>
<size>13005</size>
<database></database>
<cluster>null</cluster>
<instance></instance>
<component>OS</component>
<base_directory>/home/oracle/oswbb/archive</base_directory>
<last_modified>Wed Nov 04 13:57:51 UTC 2020</last_modified>
<hostname>aupp-hroradb-f9exx2</hostname>
<lines>0</lines>
<first_timestamp>null</first_timestamp>
<last_timestamp>null</last_timestamp>
<sampling_rows_first>-1</sampling_rows_first>
<sampling_rows_last>-1</sampling_rows_last>
<date_pattern>null</date_pattern>
<sample_size>-1</sample_size>
<use_df_only>false</use_df_only>
<keep_header_lines>0</keep_header_lines>
</file>
<file>
<file_name>/home/oracle/oswbb/archive/oswpidstatd/aupp-hroradb-f9exx2_pidstatd_20.11.04.0800.dat</file_name>
<file_type>null</file_type>
<size>2177</size>
<database></database>
<cluster>null</cluster>
<instance></instance>
<component>OS</component>
<base_directory>/home/oracle/oswbb/archive</base_directory>
<last_modified>Wed Nov 04 14:07:51 UTC 2020</last_modified>
<hostname>aupp-hroradb-f9exx2</hostname>
<lines>0</lines>
<first_timestamp>null</first_timestamp>
<last_timestamp>null</last_timestamp>
<sampling_rows_first>-1</sampling_rows_first>
<sampling_rows_last>-1</sampling_rows_last>
<date_pattern>null</date_pattern>
<sample_size>-1</sample_size>
<use_df_only>false</use_df_only>
<keep_header_lines>0</keep_header_lines>
</file>
<file>
<file_name>/u01/app/grid/crsdata/aupp-hroradb-f9exx2/crf/db/json/jsondump.log</file_name>
<file_type>null</file_type>
<size>8191927</size>
<database></database>
<cluster>null</cluster>
<instance></instance>
<component>CRS</component>
<base_directory>/u01/app/grid/crsdata/aupp-hroradb-f9exx2/crf</base_directory>
<last_modified>Wed Nov 04 14:09:56 UTC 2020</last_modified>
<hostname>aupp-hroradb-f9exx2</hostname>
<lines>0</lines>
<first_timestamp>null</first_timestamp>
<last_timestamp>null</last_timestamp>
<sampling_rows_first>-1</sampling_rows_first>
<sampling_rows_last>-1</sampling_rows_last>
<date_pattern>null</date_pattern>
<sample_size>-1</sample_size>
<use_df_only>false</use_df_only>
<keep_header_lines>0</keep_header_lines>
</file>
<file>
<file_name>/u01/app/grid/crsdata/aupp-hroradb-f9exx2/crf/db/proc/procdump.log</file_name>
<file_type>null</file_type>
<size>4353389</size>
<database></database>
<cluster>null</cluster>
<instance></instance>
<component>CRS</component>
<base_directory>/u01/app/grid/crsdata/aupp-hroradb-f9exx2/crf</base_directory>
<last_modified>Wed Nov 04 14:10:00 UTC 2020</last_modified>
<hostname>aupp-hroradb-f9exx2</hostname>
<lines>0</lines>
<first_timestamp>null</first_timestamp>
<last_timestamp>null</last_timestamp>
<sampling_rows_first>-1</sampling_rows_first>
<sampling_rows_last>-1</sampling_rows_last>
<date_pattern>null</date_pattern>
<sample_size>-1</sample_size>
<use_df_only>false</use_df_only>
<keep_header_lines>0</keep_header_lines>
</file>
<file>
<file_name>/u01/app/grid/diag/crs/aupp-hroradb-f9exx2/crs/trace/osysmond.trc</file_name>
<file_type>null</file_type>
<size>19427987</size>
<database></database>
<cluster>null</cluster>
<instance></instance>
<component>CRS</component>
<base_directory>/u01/app/grid/diag/crs/aupp-hroradb-f9exx2/crs/trace</base_directory>
<last_modified>Wed Nov 04 14:10:00 UTC 2020</last_modified>
<hostname>aupp-hroradb-f9exx2</hostname>
<lines>0</lines>
<first_timestamp>null</first_timestamp>
<last_timestamp>null</last_timestamp>
<sampling_rows_first>-1</sampling_rows_first>
<sampling_rows_last>-1</sampling_rows_last>
<date_pattern>null</date_pattern>
<sample_size>-1</sample_size>
<use_df_only>false</use_df_only>
<keep_header_lines>0</keep_header_lines>
</file>
<file>
<file_name>/u02/app/oracle/diag/rdbms/prd_iad3vt/PRD2/trace/PRD2_tmon_213996.trc</file_name>
<file_type>null</file_type>
<size>165376253</size>
<database>prd_iad3vt</database>
<cluster>null</cluster>
<instance>PRD2</instance>
<component>RDBMS</component>
<base_directory>/u02/app/oracle/diag/rdbms/prd_iad3vt/PRD2/trace</base_directory>
<last_modified>Wed Nov 04 14:09:50 UTC 2020</last_modified>
<hostname>aupp-hroradb-f9exx2</hostname>
<lines>0</lines>
<first_timestamp>null</first_timestamp>
<last_timestamp>null</last_timestamp>
<sampling_rows_first>-1</sampling_rows_first>
<sampling_rows_last>-1</sampling_rows_last>
<date_pattern>null</date_pattern>
<sample_size>-1</sample_size>
<use_df_only>false</use_df_only>
<keep_header_lines>0</keep_header_lines>
</file>
<file>
<file_name>/var/log/exadatatmp/_ExaWatcher_rds_ping_my_connects_stcennoc_ym_gnip_sdr_rehctaWaxE</file_name>
<file_type>null</file_type>
<size>15393</size>
<database></database>
<cluster>null</cluster>
<instance></instance>
<component>OS</component>
<base_directory>/var/log</base_directory>
<last_modified>Wed Nov 04 14:08:45 UTC 2020</last_modified>
<hostname>aupp-hroradb-f9exx2</hostname>
<lines>0</lines>
<first_timestamp>null</first_timestamp>
<last_timestamp>null</last_timestamp>
<sampling_rows_first>-1</sampling_rows_first>
<sampling_rows_last>-1</sampling_rows_last>
<date_pattern>null</date_pattern>
<sample_size>-1</sample_size>
<use_df_only>false</use_df_only>
<keep_header_lines>0</keep_header_lines>
</file>
<file>
<file_name>/var/log/exadatatmp/cellirqbalance-interrupts.out</file_name>
<file_type>null</file_type>
<size>4802</size>
<database></database>
<cluster>null</cluster>
<instance></instance>
<component>OS</component>
<base_directory>/var/log</base_directory>
<last_modified>Wed Nov 04 14:09:32 UTC 2020</last_modified>
<hostname>aupp-hroradb-f9exx2</hostname>
<lines>0</lines>
<first_timestamp>null</first_timestamp>
<last_timestamp>null</last_timestamp>
<sampling_rows_first>-1</sampling_rows_first>
<sampling_rows_last>-1</sampling_rows_last>
<date_pattern>null</date_pattern>
<sample_size>-1</sample_size>
<use_df_only>false</use_df_only>
<keep_header_lines>0</keep_header_lines>
</file>
<file>
<file_name>/var/log/oracle/deploy/wls_gc34822.trc.0.current</file_name>
<file_type>null</file_type>
<size>16870</size>
<database></database>
<cluster>null</cluster>
<instance></instance>
<component>OS</component>
<base_directory>/var/log</base_directory>
<last_modified>Wed Nov 04 14:09:27 UTC 2020</last_modified>
<hostname>aupp-hroradb-f9exx2</hostname>
<lines>0</lines>
<first_timestamp>null</first_timestamp>
<last_timestamp>null</last_timestamp>
<sampling_rows_first>-1</sampling_rows_first>
<sampling_rows_last>-1</sampling_rows_last>
<date_pattern>null</date_pattern>
<sample_size>-1</sample_size>
<use_df_only>false</use_df_only>
<keep_header_lines>0</keep_header_lines>
</file>
<file>
<file_name>/var/log/oracle/diag/asm/dbserver/aupp-hroradb-f9exx2/trace/rstrc_34106_mmt.trc</file_name>
<file_type>null</file_type>
<size>399102</size>
<database></database>
<cluster>null</cluster>
<instance></instance>
<component>OS</component>
<base_directory>/var/log</base_directory>
<last_modified>Wed Nov 04 14:09:18 UTC 2020</last_modified>
<hostname>aupp-hroradb-f9exx2</hostname>
<lines>0</lines>
<first_timestamp>null</first_timestamp>
<last_timestamp>null</last_timestamp>
<sampling_rows_first>-1</sampling_rows_first>
<sampling_rows_last>-1</sampling_rows_last>
<date_pattern>null</date_pattern>
<sample_size>-1</sample_size>
<use_df_only>false</use_df_only>
<keep_header_lines>0</keep_header_lines>
</file>
<file>
<file_name>/var/log/uptrack.log</file_name>
<file_type>null</file_type>
<size>2133607</size>
<database></database>
<cluster>null</cluster>
<instance></instance>
<component>OS</component>
<base_directory>/var/log</base_directory>
<last_modified>Wed Nov 04 13:45:39 UTC 2020</last_modified>
<hostname>aupp-hroradb-f9exx2</hostname>
<lines>0</lines>
<first_timestamp>null</first_timestamp>
<last_timestamp>null</last_timestamp>
<sampling_rows_first>-1</sampling_rows_first>
<sampling_rows_last>-1</sampling_rows_last>
<date_pattern>null</date_pattern>
<sample_size>-1</sample_size>
<use_df_only>false</use_df_only>
<keep_header_lines>0</keep_header_lines>
</file>
</files>