<files>
<CRS_TZ>UTC</CRS_TZ>
<session_TZ>UTC</session_TZ>
<system_TZ>Coordinated Universal Time</system_TZ>
<file>
<file_name>/u01/app/grid/diag/crs/aupp-hroradb-f9exx1/crs/trace/alert.log</file_name>
<file_type>CRS Alert Log</file_type>
<size>197487</size>
<database></database>
<cluster>null</cluster>
<instance></instance>
<component>CRS</component>
<base_directory>/u01/app/grid/diag/crs/aupp-hroradb-f9exx1/crs/trace</base_directory>
<last_modified>Wed Oct 28 02:27:51 UTC 2020</last_modified>
<hostname>aupp-hroradb-f9exx1</hostname>
<lines>976</lines>
<first_timestamp>Mon Jul 13 16:37:09 UTC 2020</first_timestamp>
<last_timestamp>Wed Oct 28 02:27:51 UTC 2020</last_timestamp>
<sampling_rows_first>1</sampling_rows_first>
<sampling_rows_last>-1</sampling_rows_last>
<date_pattern>\d{4}-\d{2}-\d{2}\s\d{2}:\d{2}:\d{2}\.\d{3}</date_pattern>
<sample_size>-1</sample_size>
<use_df_only>false</use_df_only>
<keep_header_lines>0</keep_header_lines>
</file>
<file>
<file_name>/u01/app/grid/diag/crs/aupp-hroradb-f9exx1/crs/trace/crsd.trc</file_name>
<file_type>CRSD Log</file_type>
<size>23638393</size>
<database></database>
<cluster>null</cluster>
<instance></instance>
<component>CRS</component>
<base_directory>/u01/app/grid/diag/crs/aupp-hroradb-f9exx1/crs/trace</base_directory>
<last_modified>Mon Nov 09 21:09:18 UTC 2020</last_modified>
<hostname>aupp-hroradb-f9exx1</hostname>
<lines>1000</lines>
<first_timestamp>Sun Nov 08 07:57:24 UTC 2020</first_timestamp>
<last_timestamp>Mon Nov 09 21:09:18 UTC 2020</last_timestamp>
<sampling_rows_first>5</sampling_rows_first>
<sampling_rows_last>-1</sampling_rows_last>
<date_pattern>\d{4}-\d{2}-\d{2}\s\d{2}:\d{2}:\d{2}</date_pattern>
<sample_size>-1</sample_size>
<use_df_only>false</use_df_only>
<keep_header_lines>0</keep_header_lines>
</file>
<file>
<file_name>/u01/app/grid/diag/crs/aupp-hroradb-f9exx1/crs/trace/crsd_oraagent_grid.trc</file_name>
<file_type>CRSD User Agent Log</file_type>
<size>23788629</size>
<database></database>
<cluster>null</cluster>
<instance></instance>
<component>CRS</component>
<base_directory>/u01/app/grid/diag/crs/aupp-hroradb-f9exx1/crs/trace</base_directory>
<last_modified>Mon Nov 09 21:09:21 UTC 2020</last_modified>
<hostname>aupp-hroradb-f9exx1</hostname>
<lines>1000</lines>
<first_timestamp>Sun Nov 08 07:37:31 UTC 2020</first_timestamp>
<last_timestamp>Mon Nov 09 21:09:21 UTC 2020</last_timestamp>
<sampling_rows_first>5</sampling_rows_first>
<sampling_rows_last>-1</sampling_rows_last>
<date_pattern>\d{4}-\d{2}-\d{2}\s\d{2}:\d{2}:\d{2}</date_pattern>
<sample_size>-1</sample_size>
<use_df_only>false</use_df_only>
<keep_header_lines>0</keep_header_lines>
</file>
<file>
<file_name>/u01/app/grid/diag/crs/aupp-hroradb-f9exx1/crs/trace/crsd_oraagent_oracle.trc</file_name>
<file_type>CRSD User Agent Log</file_type>
<size>3801079</size>
<database></database>
<cluster>null</cluster>
<instance></instance>
<component>CRS</component>
<base_directory>/u01/app/grid/diag/crs/aupp-hroradb-f9exx1/crs/trace</base_directory>
<last_modified>Mon Nov 09 21:09:21 UTC 2020</last_modified>
<hostname>aupp-hroradb-f9exx1</hostname>
<lines>1000</lines>
<first_timestamp>Mon Nov 09 18:34:05 UTC 2020</first_timestamp>
<last_timestamp>Mon Nov 09 21:09:21 UTC 2020</last_timestamp>
<sampling_rows_first>5</sampling_rows_first>
<sampling_rows_last>-1</sampling_rows_last>
<date_pattern>\d{4}-\d{2}-\d{2}\s\d{2}:\d{2}:\d{2}</date_pattern>
<sample_size>-1</sample_size>
<use_df_only>false</use_df_only>
<keep_header_lines>0</keep_header_lines>
</file>
<file>
<file_name>/u01/app/grid/diag/crs/aupp-hroradb-f9exx1/crs/trace/crsd_orarootagent_root.trc</file_name>
<file_type>CRSD Root Agent Log</file_type>
<size>2466804</size>
<database></database>
<cluster>null</cluster>
<instance></instance>
<component>CRS</component>
<base_directory>/u01/app/grid/diag/crs/aupp-hroradb-f9exx1/crs/trace</base_directory>
<last_modified>Mon Nov 09 21:09:05 UTC 2020</last_modified>
<hostname>aupp-hroradb-f9exx1</hostname>
<lines>1000</lines>
<first_timestamp>Tue Nov 03 03:59:03 UTC 2020</first_timestamp>
<last_timestamp>Mon Nov 09 21:09:05 UTC 2020</last_timestamp>
<sampling_rows_first>5</sampling_rows_first>
<sampling_rows_last>-1</sampling_rows_last>
<date_pattern>\d{4}-\d{2}-\d{2}\s\d{2}:\d{2}:\d{2}</date_pattern>
<sample_size>-1</sample_size>
<use_df_only>false</use_df_only>
<keep_header_lines>0</keep_header_lines>
</file>
<file>
<file_name>/u01/app/grid/diag/crs/aupp-hroradb-f9exx1/crs/trace/diskmon.trc</file_name>
<file_type>DISKMON log</file_type>
<size>11048591</size>
<database></database>
<cluster>null</cluster>
<instance></instance>
<component>CRS</component>
<base_directory>/u01/app/grid/diag/crs/aupp-hroradb-f9exx1/crs/trace</base_directory>
<last_modified>Mon Nov 09 21:09:20 UTC 2020</last_modified>
<hostname>aupp-hroradb-f9exx1</hostname>
<lines>1000</lines>
<first_timestamp>Fri Nov 06 08:21:45 UTC 2020</first_timestamp>
<last_timestamp>Mon Nov 09 21:09:20 UTC 2020</last_timestamp>
<sampling_rows_first>5</sampling_rows_first>
<sampling_rows_last>-1</sampling_rows_last>
<date_pattern>\d{4}-\d{2}-\d{2}\s\d{2}:\d{2}:\d{2}\.\d{3}</date_pattern>
<sample_size>-1</sample_size>
<use_df_only>false</use_df_only>
<keep_header_lines>0</keep_header_lines>
</file>
<file>
<file_name>/u01/app/grid/diag/crs/aupp-hroradb-f9exx1/crs/trace/evmd.trc</file_name>
<file_type>EVMD Log</file_type>
<size>16449758</size>
<database></database>
<cluster>null</cluster>
<instance></instance>
<component>CRS</component>
<base_directory>/u01/app/grid/diag/crs/aupp-hroradb-f9exx1/crs/trace</base_directory>
<last_modified>Mon Nov 09 21:09:09 UTC 2020</last_modified>
<hostname>aupp-hroradb-f9exx1</hostname>
<lines>1000</lines>
<first_timestamp>Sat Oct 24 14:51:24 UTC 2020</first_timestamp>
<last_timestamp>Mon Nov 09 21:09:09 UTC 2020</last_timestamp>
<sampling_rows_first>5</sampling_rows_first>
<sampling_rows_last>-1</sampling_rows_last>
<date_pattern>\d{4}-\d{2}-\d{2}\s\d{2}:\d{2}:\d{2}</date_pattern>
<sample_size>-1</sample_size>
<use_df_only>false</use_df_only>
<keep_header_lines>0</keep_header_lines>
</file>
<file>
<file_name>/u01/app/grid/diag/crs/aupp-hroradb-f9exx1/crs/trace/gipcd.trc</file_name>
<file_type>GIPCD Log</file_type>
<size>25180210</size>
<database></database>
<cluster>null</cluster>
<instance></instance>
<component>CRS</component>
<base_directory>/u01/app/grid/diag/crs/aupp-hroradb-f9exx1/crs/trace</base_directory>
<last_modified>Mon Nov 09 21:09:21 UTC 2020</last_modified>
<hostname>aupp-hroradb-f9exx1</hostname>
<lines>1000</lines>
<first_timestamp>Sat Nov 07 15:16:36 UTC 2020</first_timestamp>
<last_timestamp>Mon Nov 09 21:09:21 UTC 2020</last_timestamp>
<sampling_rows_first>5</sampling_rows_first>
<sampling_rows_last>-1</sampling_rows_last>
<date_pattern>\d{4}-\d{2}-\d{2}\s\d{2}:\d{2}:\d{2}</date_pattern>
<sample_size>-1</sample_size>
<use_df_only>false</use_df_only>
<keep_header_lines>0</keep_header_lines>
</file>
<file>
<file_name>/u01/app/grid/diag/crs/aupp-hroradb-f9exx1/crs/trace/gpnpd.trc</file_name>
<file_type>GPNPD Log</file_type>
<size>2689977</size>
<database></database>
<cluster>null</cluster>
<instance></instance>
<component>CRS</component>
<base_directory>/u01/app/grid/diag/crs/aupp-hroradb-f9exx1/crs/trace</base_directory>
<last_modified>Mon Nov 09 21:09:07 UTC 2020</last_modified>
<hostname>aupp-hroradb-f9exx1</hostname>
<lines>1000</lines>
<first_timestamp>Wed Nov 04 04:35:06 UTC 2020</first_timestamp>
<last_timestamp>Mon Nov 09 21:09:07 UTC 2020</last_timestamp>
<sampling_rows_first>5</sampling_rows_first>
<sampling_rows_last>-1</sampling_rows_last>
<date_pattern>\d{4}-\d{2}-\d{2}\s\d{2}:\d{2}:\d{2}</date_pattern>
<sample_size>-1</sample_size>
<use_df_only>false</use_df_only>
<keep_header_lines>0</keep_header_lines>
</file>
<file>
<file_name>/u01/app/grid/diag/crs/aupp-hroradb-f9exx1/crs/trace/ocssd.trc</file_name>
<file_type>CSS (ocssd) Log</file_type>
<size>51445739</size>
<database></database>
<cluster>null</cluster>
<instance></instance>
<component>CRS</component>
<base_directory>/u01/app/grid/diag/crs/aupp-hroradb-f9exx1/crs/trace</base_directory>
<last_modified>Mon Nov 09 21:09:21 UTC 2020</last_modified>
<hostname>aupp-hroradb-f9exx1</hostname>
<lines>1000</lines>
<first_timestamp>Mon Nov 09 04:44:26 UTC 2020</first_timestamp>
<last_timestamp>Mon Nov 09 21:09:21 UTC 2020</last_timestamp>
<sampling_rows_first>5</sampling_rows_first>
<sampling_rows_last>-1</sampling_rows_last>
<date_pattern>\d{4}-\d{2}-\d{2}\s\d{2}:\d{2}:\d{2}</date_pattern>
<sample_size>-1</sample_size>
<use_df_only>false</use_df_only>
<keep_header_lines>0</keep_header_lines>
</file>
<file>
<file_name>/u01/app/grid/diag/crs/aupp-hroradb-f9exx1/crs/trace/octssd.trc</file_name>
<file_type>CTSSD Log</file_type>
<size>15520953</size>
<database></database>
<cluster>null</cluster>
<instance></instance>
<component>CRS</component>
<base_directory>/u01/app/grid/diag/crs/aupp-hroradb-f9exx1/crs/trace</base_directory>
<last_modified>Mon Nov 09 21:09:19 UTC 2020</last_modified>
<hostname>aupp-hroradb-f9exx1</hostname>
<lines>1000</lines>
<first_timestamp>Sun Nov 08 18:23:23 UTC 2020</first_timestamp>
<last_timestamp>Mon Nov 09 21:09:19 UTC 2020</last_timestamp>
<sampling_rows_first>5</sampling_rows_first>
<sampling_rows_last>-1</sampling_rows_last>
<date_pattern>\d{4}-\d{2}-\d{2}\s\d{2}:\d{2}:\d{2}</date_pattern>
<sample_size>-1</sample_size>
<use_df_only>false</use_df_only>
<keep_header_lines>0</keep_header_lines>
</file>
<file>
<file_name>/u01/app/grid/diag/crs/aupp-hroradb-f9exx1/crs/trace/ohasd.trc</file_name>
<file_type>OHASD Log</file_type>
<size>22933005</size>
<database></database>
<cluster>null</cluster>
<instance></instance>
<component>CRS</component>
<base_directory>/u01/app/grid/diag/crs/aupp-hroradb-f9exx1/crs/trace</base_directory>
<last_modified>Mon Nov 09 21:09:21 UTC 2020</last_modified>
<hostname>aupp-hroradb-f9exx1</hostname>
<lines>1000</lines>
<first_timestamp>Fri Nov 06 21:31:58 UTC 2020</first_timestamp>
<last_timestamp>Mon Nov 09 21:09:21 UTC 2020</last_timestamp>
<sampling_rows_first>5</sampling_rows_first>
<sampling_rows_last>-1</sampling_rows_last>
<date_pattern>\d{4}-\d{2}-\d{2}\s\d{2}:\d{2}:\d{2}</date_pattern>
<sample_size>-1</sample_size>
<use_df_only>false</use_df_only>
<keep_header_lines>0</keep_header_lines>
</file>
<file>
<file_name>/u01/app/grid/diag/crs/aupp-hroradb-f9exx1/crs/trace/ohasd_cssdagent_root.trc</file_name>
<file_type>CSSD Agent Log (OHASD)</file_type>
<size>11900614</size>
<database></database>
<cluster>null</cluster>
<instance></instance>
<component>CRS</component>
<base_directory>/u01/app/grid/diag/crs/aupp-hroradb-f9exx1/crs/trace</base_directory>
<last_modified>Mon Nov 09 21:08:54 UTC 2020</last_modified>
<hostname>aupp-hroradb-f9exx1</hostname>
<lines>1000</lines>
<first_timestamp>Mon Oct 19 01:32:18 UTC 2020</first_timestamp>
<last_timestamp>Mon Nov 09 21:08:54 UTC 2020</last_timestamp>
<sampling_rows_first>5</sampling_rows_first>
<sampling_rows_last>-1</sampling_rows_last>
<date_pattern>\d{4}-\d{2}-\d{2}\s\d{2}:\d{2}:\d{2}</date_pattern>
<sample_size>-1</sample_size>
<use_df_only>false</use_df_only>
<keep_header_lines>0</keep_header_lines>
</file>
<file>
<file_name>/u01/app/grid/diag/crs/aupp-hroradb-f9exx1/crs/trace/ohasd_cssdmonitor_root.trc</file_name>
<file_type>CSSD Monitor Log (OHASD)</file_type>
<size>11429541</size>
<database></database>
<cluster>null</cluster>
<instance></instance>
<component>CRS</component>
<base_directory>/u01/app/grid/diag/crs/aupp-hroradb-f9exx1/crs/trace</base_directory>
<last_modified>Mon Nov 09 21:08:42 UTC 2020</last_modified>
<hostname>aupp-hroradb-f9exx1</hostname>
<lines>1000</lines>
<first_timestamp>Mon Oct 19 18:46:07 UTC 2020</first_timestamp>
<last_timestamp>Mon Nov 09 21:08:42 UTC 2020</last_timestamp>
<sampling_rows_first>5</sampling_rows_first>
<sampling_rows_last>-1</sampling_rows_last>
<date_pattern>\d{4}-\d{2}-\d{2}\s\d{2}:\d{2}:\d{2}</date_pattern>
<sample_size>-1</sample_size>
<use_df_only>false</use_df_only>
<keep_header_lines>0</keep_header_lines>
</file>
<file>
<file_name>/u01/app/grid/diag/crs/aupp-hroradb-f9exx1/crs/trace/ohasd_oraagent_grid.trc</file_name>
<file_type>OHASD User Agent Log</file_type>
<size>20767285</size>
<database></database>
<cluster>null</cluster>
<instance></instance>
<component>CRS</component>
<base_directory>/u01/app/grid/diag/crs/aupp-hroradb-f9exx1/crs/trace</base_directory>
<last_modified>Mon Nov 09 21:09:21 UTC 2020</last_modified>
<hostname>aupp-hroradb-f9exx1</hostname>
<lines>1000</lines>
<first_timestamp>Mon Nov 09 10:53:36 UTC 2020</first_timestamp>
<last_timestamp>Mon Nov 09 21:09:21 UTC 2020</last_timestamp>
<sampling_rows_first>5</sampling_rows_first>
<sampling_rows_last>-1</sampling_rows_last>
<date_pattern>\d{4}-\d{2}-\d{2}\s\d{2}:\d{2}:\d{2}</date_pattern>
<sample_size>-1</sample_size>
<use_df_only>false</use_df_only>
<keep_header_lines>0</keep_header_lines>
</file>
<file>
<file_name>/u01/app/grid/diag/crs/aupp-hroradb-f9exx1/crs/trace/ohasd_orarootagent_root.trc</file_name>
<file_type>OHASD Root Agent Log</file_type>
<size>4904677</size>
<database></database>
<cluster>null</cluster>
<instance></instance>
<component>CRS</component>
<base_directory>/u01/app/grid/diag/crs/aupp-hroradb-f9exx1/crs/trace</base_directory>
<last_modified>Mon Nov 09 21:09:20 UTC 2020</last_modified>
<hostname>aupp-hroradb-f9exx1</hostname>
<lines>1000</lines>
<first_timestamp>Mon Nov 09 15:07:34 UTC 2020</first_timestamp>
<last_timestamp>Mon Nov 09 21:09:20 UTC 2020</last_timestamp>
<sampling_rows_first>5</sampling_rows_first>
<sampling_rows_last>-1</sampling_rows_last>
<date_pattern>\d{4}-\d{2}-\d{2}\s\d{2}:\d{2}:\d{2}</date_pattern>
<sample_size>-1</sample_size>
<use_df_only>false</use_df_only>
<keep_header_lines>0</keep_header_lines>
</file>
<file>
<file_name>/home/oracle/oswbb/archive/oswpidstat/aupp-hroradb-f9exx1_pidstat_20.11.09.1400.dat</file_name>
<file_type>null</file_type>
<size>353999</size>
<database></database>
<cluster>null</cluster>
<instance></instance>
<component>OS</component>
<base_directory>/home/oracle/oswbb/archive</base_directory>
<last_modified>Mon Nov 09 20:58:35 UTC 2020</last_modified>
<hostname>aupp-hroradb-f9exx1</hostname>
<lines>0</lines>
<first_timestamp>null</first_timestamp>
<last_timestamp>null</last_timestamp>
<sampling_rows_first>-1</sampling_rows_first>
<sampling_rows_last>-1</sampling_rows_last>
<date_pattern>null</date_pattern>
<sample_size>-1</sample_size>
<use_df_only>false</use_df_only>
<keep_header_lines>0</keep_header_lines>
</file>
<file>
<file_name>/home/oracle/oswbb/archive/oswpidstat/aupp-hroradb-f9exx1_pidstat_20.11.09.1500.dat</file_name>
<file_type>null</file_type>
<size>83209</size>
<database></database>
<cluster>null</cluster>
<instance></instance>
<component>OS</component>
<base_directory>/home/oracle/oswbb/archive</base_directory>
<last_modified>Mon Nov 09 21:08:35 UTC 2020</last_modified>
<hostname>aupp-hroradb-f9exx1</hostname>
<lines>0</lines>
<first_timestamp>null</first_timestamp>
<last_timestamp>null</last_timestamp>
<sampling_rows_first>-1</sampling_rows_first>
<sampling_rows_last>-1</sampling_rows_last>
<date_pattern>null</date_pattern>
<sample_size>-1</sample_size>
<use_df_only>false</use_df_only>
<keep_header_lines>0</keep_header_lines>
</file>
<file>
<file_name>/home/oracle/oswbb/archive/oswpidstatd/aupp-hroradb-f9exx1_pidstatd_20.11.09.1400.dat</file_name>
<file_type>null</file_type>
<size>12513</size>
<database></database>
<cluster>null</cluster>
<instance></instance>
<component>OS</component>
<base_directory>/home/oracle/oswbb/archive</base_directory>
<last_modified>Mon Nov 09 20:58:35 UTC 2020</last_modified>
<hostname>aupp-hroradb-f9exx1</hostname>
<lines>0</lines>
<first_timestamp>null</first_timestamp>
<last_timestamp>null</last_timestamp>
<sampling_rows_first>-1</sampling_rows_first>
<sampling_rows_last>-1</sampling_rows_last>
<date_pattern>null</date_pattern>
<sample_size>-1</sample_size>
<use_df_only>false</use_df_only>
<keep_header_lines>0</keep_header_lines>
</file>
<file>
<file_name>/home/oracle/oswbb/archive/oswpidstatd/aupp-hroradb-f9exx1_pidstatd_20.11.09.1500.dat</file_name>
<file_type>null</file_type>
<size>2517</size>
<database></database>
<cluster>null</cluster>
<instance></instance>
<component>OS</component>
<base_directory>/home/oracle/oswbb/archive</base_directory>
<last_modified>Mon Nov 09 21:08:35 UTC 2020</last_modified>
<hostname>aupp-hroradb-f9exx1</hostname>
<lines>0</lines>
<first_timestamp>null</first_timestamp>
<last_timestamp>null</last_timestamp>
<sampling_rows_first>-1</sampling_rows_first>
<sampling_rows_last>-1</sampling_rows_last>
<date_pattern>null</date_pattern>
<sample_size>-1</sample_size>
<use_df_only>false</use_df_only>
<keep_header_lines>0</keep_header_lines>
</file>
<file>
<file_name>/u01/app/grid/crsdata/aupp-hroradb-f9exx1/crf/db/json/jsondump.log</file_name>
<file_type>null</file_type>
<size>5632478</size>
<database></database>
<cluster>null</cluster>
<instance></instance>
<component>CRS</component>
<base_directory>/u01/app/grid/crsdata/aupp-hroradb-f9exx1/crf</base_directory>
<last_modified>Mon Nov 09 21:08:51 UTC 2020</last_modified>
<hostname>aupp-hroradb-f9exx1</hostname>
<lines>0</lines>
<first_timestamp>null</first_timestamp>
<last_timestamp>null</last_timestamp>
<sampling_rows_first>-1</sampling_rows_first>
<sampling_rows_last>-1</sampling_rows_last>
<date_pattern>null</date_pattern>
<sample_size>-1</sample_size>
<use_df_only>false</use_df_only>
<keep_header_lines>0</keep_header_lines>
</file>
<file>
<file_name>/u01/app/grid/crsdata/aupp-hroradb-f9exx1/crf/db/proc/procdump.log</file_name>
<file_type>null</file_type>
<size>8380954</size>
<database></database>
<cluster>null</cluster>
<instance></instance>
<component>CRS</component>
<base_directory>/u01/app/grid/crsdata/aupp-hroradb-f9exx1/crf</base_directory>
<last_modified>Mon Nov 09 21:09:25 UTC 2020</last_modified>
<hostname>aupp-hroradb-f9exx1</hostname>
<lines>0</lines>
<first_timestamp>null</first_timestamp>
<last_timestamp>null</last_timestamp>
<sampling_rows_first>-1</sampling_rows_first>
<sampling_rows_last>-1</sampling_rows_last>
<date_pattern>null</date_pattern>
<sample_size>-1</sample_size>
<use_df_only>false</use_df_only>
<keep_header_lines>0</keep_header_lines>
</file>
<file>
<file_name>/u01/app/grid/diag/crs/aupp-hroradb-f9exx1/crs/trace/osysmond.trc</file_name>
<file_type>null</file_type>
<size>5254341</size>
<database></database>
<cluster>null</cluster>
<instance></instance>
<component>CRS</component>
<base_directory>/u01/app/grid/diag/crs/aupp-hroradb-f9exx1/crs/trace</base_directory>
<last_modified>Mon Nov 09 21:09:20 UTC 2020</last_modified>
<hostname>aupp-hroradb-f9exx1</hostname>
<lines>0</lines>
<first_timestamp>null</first_timestamp>
<last_timestamp>null</last_timestamp>
<sampling_rows_first>-1</sampling_rows_first>
<sampling_rows_last>-1</sampling_rows_last>
<date_pattern>null</date_pattern>
<sample_size>-1</sample_size>
<use_df_only>false</use_df_only>
<keep_header_lines>0</keep_header_lines>
</file>
<file>
<file_name>/u02/app/oracle/diag/rdbms/prd_iad3vt/PRD1/trace/PRD1_tmon_42775.trc</file_name>
<file_type>null</file_type>
<size>214417926</size>
<database>prd_iad3vt</database>
<cluster>null</cluster>
<instance>PRD1</instance>
<component>RDBMS</component>
<base_directory>/u02/app/oracle/diag/rdbms/prd_iad3vt/PRD1/trace</base_directory>
<last_modified>Mon Nov 09 21:08:46 UTC 2020</last_modified>
<hostname>aupp-hroradb-f9exx1</hostname>
<lines>0</lines>
<first_timestamp>null</first_timestamp>
<last_timestamp>null</last_timestamp>
<sampling_rows_first>-1</sampling_rows_first>
<sampling_rows_last>-1</sampling_rows_last>
<date_pattern>null</date_pattern>
<sample_size>-1</sample_size>
<use_df_only>false</use_df_only>
<keep_header_lines>0</keep_header_lines>
</file>
<file>
<file_name>/var/log/exadatatmp/_ExaWatcher_rds_ping_my_connects_stcennoc_ym_gnip_sdr_rehctaWaxE</file_name>
<file_type>null</file_type>
<size>15393</size>
<database></database>
<cluster>null</cluster>
<instance></instance>
<component>OS</component>
<base_directory>/var/log</base_directory>
<last_modified>Mon Nov 09 21:09:35 UTC 2020</last_modified>
<hostname>aupp-hroradb-f9exx1</hostname>
<lines>0</lines>
<first_timestamp>null</first_timestamp>
<last_timestamp>null</last_timestamp>
<sampling_rows_first>-1</sampling_rows_first>
<sampling_rows_last>-1</sampling_rows_last>
<date_pattern>null</date_pattern>
<sample_size>-1</sample_size>
<use_df_only>false</use_df_only>
<keep_header_lines>0</keep_header_lines>
</file>
<file>
<file_name>/var/log/exadatatmp/cellirqbalance-interrupts.out</file_name>
<file_type>null</file_type>
<size>4802</size>
<database></database>
<cluster>null</cluster>
<instance></instance>
<component>OS</component>
<base_directory>/var/log</base_directory>
<last_modified>Mon Nov 09 21:08:41 UTC 2020</last_modified>
<hostname>aupp-hroradb-f9exx1</hostname>
<lines>0</lines>
<first_timestamp>null</first_timestamp>
<last_timestamp>null</last_timestamp>
<sampling_rows_first>-1</sampling_rows_first>
<sampling_rows_last>-1</sampling_rows_last>
<date_pattern>null</date_pattern>
<sample_size>-1</sample_size>
<use_df_only>false</use_df_only>
<keep_header_lines>0</keep_header_lines>
</file>
<file>
<file_name>/var/log/oracle/deploy/wls_gc34394.trc.0.current</file_name>
<file_type>null</file_type>
<size>44982</size>
<database></database>
<cluster>null</cluster>
<instance></instance>
<component>OS</component>
<base_directory>/var/log</base_directory>
<last_modified>Mon Nov 09 21:09:08 UTC 2020</last_modified>
<hostname>aupp-hroradb-f9exx1</hostname>
<lines>0</lines>
<first_timestamp>null</first_timestamp>
<last_timestamp>null</last_timestamp>
<sampling_rows_first>-1</sampling_rows_first>
<sampling_rows_last>-1</sampling_rows_last>
<date_pattern>null</date_pattern>
<sample_size>-1</sample_size>
<use_df_only>false</use_df_only>
<keep_header_lines>0</keep_header_lines>
</file>
<file>
<file_name>/var/log/oracle/diag/asm/dbserver/aupp-hroradb-f9exx1/trace/rstrc_33785_mmt.trc</file_name>
<file_type>null</file_type>
<size>676862</size>
<database></database>
<cluster>null</cluster>
<instance></instance>
<component>OS</component>
<base_directory>/var/log</base_directory>
<last_modified>Mon Nov 09 21:09:34 UTC 2020</last_modified>
<hostname>aupp-hroradb-f9exx1</hostname>
<lines>0</lines>
<first_timestamp>null</first_timestamp>
<last_timestamp>null</last_timestamp>
<sampling_rows_first>-1</sampling_rows_first>
<sampling_rows_last>-1</sampling_rows_last>
<date_pattern>null</date_pattern>
<sample_size>-1</sample_size>
<use_df_only>false</use_df_only>
<keep_header_lines>0</keep_header_lines>
</file>
<file>
<file_name>/var/log/uptrack.log</file_name>
<file_type>null</file_type>
<size>1726644</size>
<database></database>
<cluster>null</cluster>
<instance></instance>
<component>OS</component>
<base_directory>/var/log</base_directory>
<last_modified>Mon Nov 09 20:45:32 UTC 2020</last_modified>
<hostname>aupp-hroradb-f9exx1</hostname>
<lines>0</lines>
<first_timestamp>null</first_timestamp>
<last_timestamp>null</last_timestamp>
<sampling_rows_first>-1</sampling_rows_first>
<sampling_rows_last>-1</sampling_rows_last>
<date_pattern>null</date_pattern>
<sample_size>-1</sample_size>
<use_df_only>false</use_df_only>
<keep_header_lines>0</keep_header_lines>
</file>
</files>